Sentence,Context_PP1,Context_PP2,Context_PP1_simple,Context_PP2_simple,PP1_simple,PP2_simple,Verb,PP1,PP2,PP1_len,PP2_len,Adp1,Adp2,NP1,NP2,PP1_Pronom,PP2_Pronom,PP1_Type,PP2_Type,Position,Language
"Ten einde toegang tot die inligting op die webtuiste uit te brei , word daar in die vooruitsig gestel dat die inligting uiteindelik in al elf amptelike tale beskikbaar sal wees .","Ten einde toegang tot die inligting op die webtuiste uit te brei ,",in die vooruitsig,Ten brei,in vooruitsig,ten brei,in vooruitsig,stel,"Ten einde toegang tot die inligting op die webtuiste uit te brei ,",in die vooruitsig,13,3,ten,in,brei,vooruitsig,VERB,NOUN,prepositional,prepositional,Preverbal,Afrikaans
"Ten einde PDF-dokumente te kan oopmaak , moet jy Adobe Acrobat Reader 4 of hoër op jou rekenaar geïnstalleer hê .","Ten einde PDF-dokumente te kan oopmaak ,",op jou rekenaar,Ten oopmaak,op rekenaar,ten oopmaak,op rekenaar,installeer,"Ten einde PDF-dokumente te kan oopmaak ,",op jou rekenaar,7,3,ten,op,oopmaak,rekenaar,VERB,NOUN,prepositional,prepositional,Preverbal,Afrikaans
In sy beslissing sal die hof enige moontlike aanbevelings deur die Direkteur-generaal oor die verdeling van bates in ag neem .,In sy beslissing,in ag,In beslissing,in ag,in beslissing,in ag,neem,In sy beslissing,in ag,3,2,in,in,beslissing,ag,NOUN,NOUN,prepositional,prepositional,Preverbal,Afrikaans
"Indien die Direkteur-generaal , of 'n vereniging of voorlopige vereniging , of enige lid van die vereniging , of enige ander belanghebbende persoon aansoek doen dat 'n vereniging of voorlopige vereniging deur die Direkteur-generaal onder administrasie geplaas of gelikwideer moet word , kan die Minister beslis ingevolge watter prosedure die Direkteur-generaal die vereniging of voorlopige vereniging onder administrasie moet plaas of likwideer .","Indien die Direkteur-generaal , of 'n vereniging of voorlopige vereniging , of enige lid van die vereniging , of enige ander belanghebbende persoon aansoek doen dat 'n vereniging of voorlopige vereniging deur die Direkteur-generaal","Indien die Direkteur-generaal , of 'n vereniging of voorlopige vereniging , of enige lid van die vereniging , of enige ander belanghebbende persoon aansoek doen dat 'n vereniging of voorlopige vereniging onder administrasie","Indien die Direkteur-generaal , of 'n vereniging of voorlopige vereniging , of enige lid van die vereniging , of enige ander belanghebbende persoon aansoek doen dat 'n vereniging of voorlopige vereniging deur Direkteur-generaal","Indien die Direkteur-generaal , of 'n vereniging of voorlopige vereniging , of enige lid van die vereniging , of enige ander belanghebbende persoon aansoek doen dat 'n vereniging of voorlopige vereniging onder administrasie",deur direkteur-generaal,onder administrasie,plaas,deur die Direkteur-generaal,onder administrasie,3,2,deur,onder,direkteur-generaal,administrasie,NOUN,NOUN,prepositional,prepositional,Preverbal,Afrikaans
"In die geval van 'n maatskappy of beslote korporasie ( BK ) kan enige belanghebbende party , direkteur of ouditeur van die maatskappy , die Suid-Afrikaanse Inkomstediens ( SAID ) of die Registrateur van Maatskappye om die deregistrasie van 'n maatskappy of BK aansoek doen .",In die geval van 'n maatskappy of beslote korporasie ( BK ),om die deregistrasie van 'n maatskappy of BK,In geval,om deregistrasie,in geval,om deregistrasie,doen,In die geval van 'n maatskappy of beslote korporasie ( BK ),om die deregistrasie van 'n maatskappy of BK,12,8,in,om,geval,deregistrasie,NOUN,NOUN,prepositional,prepositional,Preverbal,Afrikaans
Die vorige vrystelling sal dan steeds van toepassing bly totdat die SAID die aansoeker oor 'n beslissing ingevolge die nuwe wetgewing in kennis gestel het .,Die vorige vrystelling sal dan steeds van toepassing bly totdat die SAID die aansoeker oor 'n beslissing ingevolge die nuwe wetgewing,Die vorige vrystelling sal dan steeds van toepassing bly totdat die SAID die aansoeker in kennis,Die vorige vrystelling sal dan steeds van toepassing bly totdat die SAID die aansoeker oor beslissing,Die vorige vrystelling sal dan steeds van toepassing bly totdat die SAID die aansoeker in kennis,oor beslissing,in kennis,stel,oor 'n beslissing ingevolge die nuwe wetgewing,in kennis,7,2,oor,in,beslissing,kennis,NOUN,NOUN,prepositional,prepositional,Preverbal,Afrikaans
Die hof is ook by magte om die vader te beveel om by te dra tot die betaling van laying-in expenses [ ? ? ] en onderhoud van die kind se geboortedatum af tot op die dag waarop die onderhoudsbevel toegestaan word .,Die hof is ook by magte om die vader te beveel om by te dra tot die betaling van laying-in expenses [ ? ? ] en onderhoud,Die hof is ook by magte om die vader te beveel om by te dra tot op die dag waarop die onderhoudsbevel toegestaan word .,Die hof is ook by magte om die vader te beveel om by te dra tot betaling,Die hof is ook by magte om die vader te beveel om by te dra op dag,tot betaling,op dag,dra,tot die betaling van laying-in expenses [ ? ? ] en onderhoud,tot op die dag waarop die onderhoudsbevel toegestaan word .,12,10,tot,op,betaling,dag,NOUN,NOUN,prepositional,prepositional,Postverbal,Afrikaans
"Ten einde die hof in staat te stel om 'n billike onderhoudsbevel te verleen , moet albei die partye die hof van bewys van hulle uitgawes voorsien .","Ten einde die hof in staat te stel om 'n billike onderhoudsbevel te verleen ,",van bewys van hulle uitgawes,Ten einde,van bewys,ten einde,van bewys,voorsien,"Ten einde die hof in staat te stel om 'n billike onderhoudsbevel te verleen ,",van bewys van hulle uitgawes,15,5,ten,van,einde,bewys,NOUN,NOUN,prepositional,prepositional,Preverbal,Afrikaans
Doen om onderhoud aansoek by die landdroshof in die distrik waar jy woon .,Doen om onderhoud,Doen by die landdroshof in die distrik waar jy woon .,Doen om onderhoud,Doen by landdroshof,om onderhoud,by landdroshof,doen,om onderhoud,by die landdroshof in die distrik waar jy woon .,2,10,om,by,onderhoud,landdroshof,NOUN,NOUN,prepositional,prepositional,Postverbal,Afrikaans
Die hof sal 'n dagvaarding ( 'n brief wat 'n persoon opdrag gee om na die hof toe te gaan ) op die respondent ( die persoon teen wie die aansoek om onderhoud gebring word ) laat beteken om op 'n sekere dag in die hof te verskyn ten einde die aangeleentheid te bespreek .,Die hof sal 'n dagvaarding ( 'n brief wat 'n persoon opdrag gee om na die hof toe te gaan ) op die respondent ( die persoon teen wie die aansoek om onderhoud gebring word ) laat beteken om op 'n sekere dag,Die hof sal 'n dagvaarding ( 'n brief wat 'n persoon opdrag gee om na die hof toe te gaan ) op die respondent ( die persoon teen wie die aansoek om onderhoud gebring word ) laat beteken om in die hof,Die hof sal 'n dagvaarding ( 'n brief wat 'n persoon opdrag gee om na die hof toe te gaan ) op die respondent ( die persoon teen wie die aansoek om onderhoud gebring word ) laat beteken om op dag,Die hof sal 'n dagvaarding ( 'n brief wat 'n persoon opdrag gee om na die hof toe te gaan ) op die respondent ( die persoon teen wie die aansoek om onderhoud gebring word ) laat beteken om in hof,op dag,in hof,verskyn,op 'n sekere dag,in die hof,4,3,op,in,dag,hof,NOUN,NOUN,prepositional,prepositional,Preverbal,Afrikaans
Voortplantingsmateriaal van daardie variëteit nog nie vir langer as een jaar in Suid-Afrika verkoop word nie .,Voortplantingsmateriaal van daardie variëteit nog nie vir langer as een jaar,Voortplantingsmateriaal van daardie variëteit nog nie in Suid-Afrika,Voortplantingsmateriaal van daardie variëteit nog nie vir langer,Voortplantingsmateriaal van daardie variëteit nog nie in Suid-Afrika,vir lank,in Suid-Afrika,verkoop,vir langer as een jaar,in Suid-Afrika,5,2,vir,in,lank,Suid-Afrika,ADV,PROPN,prepositional,prepositional,Preverbal,Afrikaans
"As die soort plant nie in die tabel verskyn nie , moet jy 'n skriftelike aansoek om verklaring , met 'n motivering daarby , by die Registrateur : Planttelersregte indien .","As die soort plant nie in die tabel verskyn nie , moet jy 'n skriftelike aansoek om verklaring , met 'n motivering daarby","As die soort plant nie in die tabel verskyn nie , moet jy 'n skriftelike aansoek om verklaring , , by die Registrateur : Planttelersregte","As die soort plant nie in die tabel verskyn nie , moet jy 'n skriftelike aansoek om verklaring , met motivering","As die soort plant nie in die tabel verskyn nie , moet jy 'n skriftelike aansoek om verklaring , by Registrateur",met motivering,by registrateur,indien,met 'n motivering daarby,", by die Registrateur : Planttelersregte",4,6,met,by,motivering,registrateur,NOUN,NOUN,prepositional,prepositional,Preverbal,Afrikaans
Dokumente en voortplantingsmateriaal moet op voorgeskrewe datums by die Registrateur ingedien word .,Dokumente en voortplantingsmateriaal moet op voorgeskrewe datums,Dokumente en voortplantingsmateriaal moet by die Registrateur,Dokumente en voortplantingsmateriaal moet op datums,Dokumente en voortplantingsmateriaal moet by Registrateur,op datum,by registrateur,indien,op voorgeskrewe datums,by die Registrateur,3,3,op,by,datum,registrateur,NOUN,NOUN,prepositional,prepositional,Preverbal,Afrikaans
"Invoerpermitte wat vir die invoer van vis op rekreasiegrondslag vir persoonlike gebruik of verbruik uitgereik is , sal geldig bly vir die duur van die reis na en van die land van bestemming .",Invoerpermitte wat vir die invoer van vis,Invoerpermitte wat op rekreasiegrondslag vir persoonlike gebruik of verbruik,Invoerpermitte wat vir invoer,Invoerpermitte wat op rekreasiegrondslag,vir invoer,op rekreasiegrondslag,uitreik,vir die invoer van vis,op rekreasiegrondslag vir persoonlike gebruik of verbruik,5,7,vir,op,invoer,rekreasiegrondslag,NOUN,NOUN,prepositional,prepositional,Preverbal,Afrikaans
"As 'n uitvoerpermit vir die perlemoenspesie aan jou uitgereik is , moet jy ook vir elke besending perlemoen 'n CITES-sertifikaat hê .",As 'n uitvoerpermit vir die perlemoenspesie,As 'n uitvoerpermit aan jou,As 'n uitvoerpermit vir perlemoenspesie,As 'n uitvoerpermit aan jou,vir perlemoenspesie,aan jou,uitreik,vir die perlemoenspesie,aan jou,3,2,vir,aan,perlemoenspesie,jou,NOUN,PRON,prepositional,prepositional,Preverbal,Afrikaans
"Vir elke uitvoerpermit wat vir grootoog-tuna , suidelike blouvin-tuna , swaardvis , Antarktiese tandvis en Patagoniese tandvis uitgereik is , moet jy vir elke besending ook die betrokke vangsstatistiek-dokument hê .","Vir elke uitvoerpermit wat vir grootoog-tuna , suidelike blouvin-tuna , swaardvis , Antarktiese tandvis en Patagoniese tandvis uitgereik is ,",vir elke besending,Vir uitvoerpermit,vir besending,vir uitvoerpermit,vir besending,het,"Vir elke uitvoerpermit wat vir grootoog-tuna , suidelike blouvin-tuna , swaardvis , Antarktiese tandvis en Patagoniese tandvis uitgereik is ,",vir elke besending,20,3,vir,vir,uitvoerpermit,besending,NOUN,NOUN,prepositional,prepositional,Preverbal,Afrikaans
Stel jou naaste tak van die Suid-Afrikaanse Buro vir Standaarde van jou uitvoerbesending in kennis as die vis wat jy wil uitvoer nie vars is nie en nie vir menslike verbruik bedoel is nie .,Stel jou naaste tak van die Suid-Afrikaanse Buro vir Standaarde van jou uitvoerbesending,Stel jou naaste tak van die Suid-Afrikaanse Buro vir Standaarde in kennis,Stel jou naaste tak van die Suid-Afrikaanse Buro vir Standaarde van uitvoerbesending,Stel jou naaste tak van die Suid-Afrikaanse Buro vir Standaarde in kennis,van uitvoerbesending,in kennis,stel,van jou uitvoerbesending,in kennis,3,2,van,in,uitvoerbesending,kennis,NOUN,NOUN,prepositional,prepositional,Postverbal,Afrikaans
"Versuim om die permitvoorwaardes na te kom , kan tot opheffing of kansellasie van jou permit lei .","Versuim om die permitvoorwaardes na te kom , kan tot opheffing of kansellasie","Versuim om die permitvoorwaardes na te kom , kan van jou permit","Versuim om die permitvoorwaardes na te kom , kan tot opheffing","Versuim om die permitvoorwaardes na te kom , kan van permit",tot opheffing,van permit,lei,tot opheffing of kansellasie,van jou permit,4,3,tot,van,opheffing,permit,NOUN,NOUN,prepositional,prepositional,Preverbal,Afrikaans
"Vul jou aansoekvorm in , onderteken dit en pos dit saam met die nodige ondersteunende dokumente aan Mariene- en Kustebestuur se bestuurskantoor ( die adres verskyn onderaan ) .","Vul jou aansoekvorm in , onderteken dit en pos dit saam met die nodige ondersteunende dokumente","Vul jou aansoekvorm in , onderteken dit en pos dit saam aan Mariene- en Kustebestuur se bestuurskantoor ( die adres verskyn onderaan )","Vul jou aansoekvorm in , onderteken dit en pos dit saam met dokumente","Vul jou aansoekvorm in , onderteken dit en pos dit saam aan Mariene-",met dokument,aan Mariene-,pos,met die nodige ondersteunende dokumente,aan Mariene- en Kustebestuur se bestuurskantoor ( die adres verskyn onderaan ),5,12,met,aan,dokument,Mariene-,NOUN,X,prepositional,prepositional,Postverbal,Afrikaans
Tree met die Companies and Intellectual Property Registration Office in verbinding .,Tree met die Companies and Intellectual Property Registration Office,Tree in verbinding,Tree met Companies,Tree in verbinding,met Companies,in verbinding,tree,met die Companies and Intellectual Property Registration Office,in verbinding,8,2,met,in,Companies,verbinding,X,NOUN,prepositional,prepositional,Postverbal,Afrikaans
"Die Wet op Erkenning van Gebruiklike Huwelike , 1998 het op 15 November 2000 in werking getree .","Die Wet op Erkenning van Gebruiklike Huwelike , 1998 het op 15 November 2000","Die Wet op Erkenning van Gebruiklike Huwelike , 1998 het in werking","Die Wet op Erkenning van Gebruiklike Huwelike , 1998 het op 15","Die Wet op Erkenning van Gebruiklike Huwelike , 1998 het in werking",op 15,in werking,tree,op 15 November 2000,in werking,4,2,op,in,15,werking,SYM,NOUN,prepositional,prepositional,Preverbal,Afrikaans
Die Wet erken ook huwelike wat na hierdie datum volgens die gewoontereg voltrek is en stipuleer die reëls vir mense wat ingevolge die gewoontereg trou sodat hulle huwelik erken kan word .,Die Wet erken ook huwelike wat na hierdie datum,Die Wet erken ook huwelike wat volgens die gewoontereg,Die Wet erken ook huwelike wat na datum,Die Wet erken ook huwelike wat volgens gewoontereg,na datum,volgens gewoontereg,voltrek,na hierdie datum,volgens die gewoontereg,3,3,na,volgens,datum,gewoontereg,NOUN,NOUN,prepositional,prepositional,Preverbal,Afrikaans
"Indien jy voor 15 November 2000 ingevolge die gewoontereg getroud is , moet jy jou huwelik by die Departement van Binnelandse Sake registreer .",Indien jy voor 15 November 2000,Indien jy ingevolge die gewoontereg,Indien jy voor 15,Indien jy ingevolge gewoontereg,voor 15,ingevolge gewoontereg,trou,voor 15 November 2000,ingevolge die gewoontereg,4,3,voor,ingevolge,15,gewoontereg,SYM,NOUN,prepositional,prepositional,Preverbal,Afrikaans
Nie een van julle twee sal egter huwelike met iemand anders volgens die gewoontereg kan aangaan indien julle reeds volgens die burgerlike reg met mekaar getroud is nie .,Nie een van julle twee sal egter huwelike met iemand anders,Nie een van julle twee sal egter huwelike volgens die gewoontereg,Nie een van julle twee sal egter huwelike met iemand,Nie een van julle twee sal egter huwelike volgens gewoontereg,met iemand,volgens gewoontereg,aangaan,met iemand anders,volgens die gewoontereg,3,3,met,volgens,iemand,gewoontereg,PRON,NOUN,prepositional,prepositional,Preverbal,Afrikaans
Nie een van julle twee sal egter huwelike met iemand anders volgens die gewoontereg kan aangaan indien julle reeds volgens die burgerlike reg met mekaar getroud is nie .,Nie een van julle twee sal egter huwelike met iemand anders volgens die gewoontereg kan aangaan indien julle reeds volgens die burgerlike reg,Nie een van julle twee sal egter huwelike met iemand anders volgens die gewoontereg kan aangaan indien julle reeds met mekaar,Nie een van julle twee sal egter huwelike met iemand anders volgens die gewoontereg kan aangaan indien julle reeds volgens reg,Nie een van julle twee sal egter huwelike met iemand anders volgens die gewoontereg kan aangaan indien julle reeds met mekaar,volgens reg,met mekaar,trou,volgens die burgerlike reg,met mekaar,4,2,volgens,met,reg,mekaar,NOUN,PRON,prepositional,prepositional,Preverbal,Afrikaans
So 'n vaartuig mag slegs onder buitengewone omstandighede deur die houer van 'n Suid-Afrikaanse visvangsreg gehuur of gekontrakteer word om onder die RSA se vlag aan visvangsaktiwiteite binne die eksklusiewe ekonomiese sone ( EES ) of in internasionale water deel te neem .,So 'n vaartuig mag slegs onder buitengewone omstandighede,So 'n vaartuig mag slegs deur die houer van 'n Suid-Afrikaanse visvangsreg,So 'n vaartuig mag slegs onder omstandighede,So 'n vaartuig mag slegs deur houer,onder omstandigheid,deur houer,huur,onder buitengewone omstandighede,deur die houer van 'n Suid-Afrikaanse visvangsreg,3,7,onder,deur,omstandigheid,houer,NOUN,NOUN,prepositional,prepositional,Preverbal,Afrikaans
"Sodra daar in beginsel steun vir die gebruik van 'n buitelandse vaartuig verleen is , moet jy 'n aansoekvorm vir 'n lisensie vir 'n buitelandse visvaartuig by jou naaste kantoor van die Departement van Omgewingsake en Toerisme ( DEA&T-kantoor ) Department of Environmental Affairs and Tourism kry .",Sodra daar in beginsel,Sodra daar vir die gebruik van 'n buitelandse vaartuig,Sodra daar in beginsel,Sodra daar vir gebruik,in beginsel,vir gebruik,verleen,in beginsel,vir die gebruik van 'n buitelandse vaartuig,2,7,in,vir,beginsel,gebruik,NOUN,NOUN,prepositional,prepositional,Preverbal,Afrikaans
"Indien die aansoeker voorsien dat die vaartuig tydens die huurtermyn dalk ook in die diepsee sal visvang , moet 'n hy ook 'n aansoekvorm vir 'n diepsee-lisensie invul .",Indien die aansoeker voorsien dat die vaartuig tydens die huurtermyn,Indien die aansoeker voorsien dat die vaartuig in die diepsee,Indien die aansoeker voorsien dat die vaartuig tydens huurtermyn,Indien die aansoeker voorsien dat die vaartuig in diepsee,tydens huurtermyn,in diepsee,visvang,tydens die huurtermyn,in die diepsee,3,3,tydens,in,huurtermyn,diepsee,NOUN,NOUN,prepositional,prepositional,Preverbal,Afrikaans
"Skole kan , na aanleiding van hul organisatoriese vereistes , op die aantal en aard van ander leerprogramme in die Intermediêre Fase besluit , mits die nasionale prioriteite en ontwikkelingsbehoeftes van leerders in 'n fase in ag geneem word .","Skole kan , na aanleiding van hul organisatoriese vereistes ,","Skole kan , op die aantal en aard van ander leerprogramme in die Intermediêre Fase","Skole kan , na aanleiding","Skole kan , op aantal",na aanleiding,op aantal,besluit,"na aanleiding van hul organisatoriese vereistes ,",op die aantal en aard van ander leerprogramme in die Intermediêre Fase,7,12,na,op,aanleiding,aantal,NOUN,NOUN,prepositional,prepositional,Preverbal,Afrikaans
"Hierdie leeruitkoms is nie in die kurrikulum vir tweede addisionele tale ingesluit nie , aangesien dit die doel van hierdie leeruitkoms is om leerders voor te berei om dit as die taal van leer en onderrig te gebruik .",Hierdie leeruitkoms is nie in die kurrikulum,Hierdie leeruitkoms is nie vir tweede addisionele tale,Hierdie leeruitkoms is nie in kurrikulum,Hierdie leeruitkoms is nie vir tale,in kurrikulum,vir taal,insluit,in die kurrikulum,vir tweede addisionele tale,3,4,in,vir,kurrikulum,taal,NOUN,NOUN,prepositional,prepositional,Preverbal,Afrikaans
Die leerder is in staat om vrymoedig en doeltreffend in gesproke taal binne 'n wye verskeidenheid situasies te kommunikeer .,Die leerder is in staat om vrymoedig en doeltreffend in gesproke taal,Die leerder is in staat om vrymoedig en doeltreffend binne 'n wye verskeidenheid situasies,Die leerder is in staat om vrymoedig en doeltreffend in taal,Die leerder is in staat om vrymoedig en doeltreffend binne verskeidenheid,in taal,binne verskeidenheid,kommunikeer,in gesproke taal,binne 'n wye verskeidenheid situasies,3,5,in,binne,taal,verskeidenheid,NOUN,NOUN,prepositional,prepositional,Preverbal,Afrikaans
Deur die assesseringstandaarde wil die Tale-leerareaverklaring hierdie instrument tot sy volle potensiaal ontwikkel .,Deur die assesseringstandaarde,tot sy volle potensiaal,Deur assesseringstandaarde,tot potensiaal,deur assesseringstandaard,tot potensiaal,ontwikkel,Deur die assesseringstandaarde,tot sy volle potensiaal,3,4,deur,tot,assesseringstandaard,potensiaal,NOUN,NOUN,prepositional,prepositional,Preverbal,Afrikaans
"'n Gemiddelde of saamgevoegde punt verbloem die feit dat 'n leerder in een opsig goed aan die verlangde vereiste voldoen het , maar nie in 'n ander nie .",'n Gemiddelde of saamgevoegde punt verbloem die feit dat 'n leerder in een opsig,'n Gemiddelde of saamgevoegde punt verbloem die feit dat 'n leerder aan die verlangde vereiste,'n Gemiddelde of saamgevoegde punt verbloem die feit dat 'n leerder in opsig,'n Gemiddelde of saamgevoegde punt verbloem die feit dat 'n leerder aan vereiste,in opsig,aan vereiste,voldoen,in een opsig,aan die verlangde vereiste,3,4,in,aan,opsig,vereiste,NOUN,NOUN,prepositional,prepositional,Preverbal,Afrikaans
"Lewer kommentaar op elke leerarea of leerprogram , spesifiek in die geval van leerders wat die vereistes oortref het of ondersteuning benodig .","Lewer kommentaar op elke leerarea of leerprogram ,",Lewer kommentaar in die geval van leerders wat die vereistes oortref het of ondersteuning benodig .,Lewer kommentaar op leerarea,Lewer kommentaar in geval,op leerarea,in geval,lewer,"op elke leerarea of leerprogram ,",in die geval van leerders wat die vereistes oortref het of ondersteuning benodig .,6,14,op,in,leerarea,geval,NOUN,NOUN,prepositional,prepositional,Postverbal,Afrikaans
Jy kan 'n tjek wat aan die Direkteur-generaal : Landbou uitgemaak is aan die aansoekvorm vasgeheg en dit na die adres by kontakbesonderhede toe pos .,Jy kan 'n tjek wat aan die Direkteur-generaal : Landbou uitgemaak is aan die aansoekvorm vasgeheg en dit na die adres,Jy kan 'n tjek wat aan die Direkteur-generaal : Landbou uitgemaak is aan die aansoekvorm vasgeheg en dit by kontakbesonderhede toe,Jy kan 'n tjek wat aan die Direkteur-generaal : Landbou uitgemaak is aan die aansoekvorm vasgeheg en dit na adres,Jy kan 'n tjek wat aan die Direkteur-generaal : Landbou uitgemaak is aan die aansoekvorm vasgeheg en dit by kontakbesonderhede,na adres,by kontakbesonderhede,pos,na die adres,by kontakbesonderhede toe,3,3,na,by,adres,kontakbesonderhede,NOUN,NOUN,prepositional,prepositional,Preverbal,Afrikaans
Die veeartsenygesondheidsertifikaat moet binne 10 dae voor vertrek in Engels ingevul word deur 'n veearts wat deur die veeartsenybestuur van die land van uitvoer daartoe gemagtig is .,Die veeartsenygesondheidsertifikaat moet binne 10 dae voor vertrek,Die veeartsenygesondheidsertifikaat moet in Engels,Die veeartsenygesondheidsertifikaat moet binne dae,Die veeartsenygesondheidsertifikaat moet in Engels,binne dag,in Engels,invul,binne 10 dae voor vertrek,in Engels,5,2,binne,in,dag,Engels,NOUN,PROPN,prepositional,prepositional,Preverbal,Afrikaans
In hierdie geval mag die ongeregistreerde entstof vir 'n beperkte tydperk verkoop word totdat registrasie verkry is .,In hierdie geval,vir 'n beperkte tydperk,In geval,vir tydperk,in geval,vir tydperk,verkoop,In hierdie geval,vir 'n beperkte tydperk,3,4,in,vir,geval,tydperk,NOUN,NOUN,prepositional,prepositional,Preverbal,Afrikaans
"As die produkte in transito deur Suid-Afrika vervoer word , moet jy 'n afskrif van die veeartseny-invoerpermit van die land van eindbestemming saam met die aansoek om 'n Suid-Afrikaanse veeartseny-transitopermit indien .",As die produkte in transito,As die produkte deur Suid-Afrika,As die produkte in transito,As die produkte deur Suid-Afrika,in transito,deur Suid-Afrika,vervoer,in transito,deur Suid-Afrika,2,2,in,deur,transito,Suid-Afrika,X,PROPN,prepositional,prepositional,Preverbal,Afrikaans
"As jy inligting oor die presiese vereistes vir 'n spesifieke produk wil hê , kan jy voorbeeldkopieë van die veeartseny-invoerpermit en die veeartsenykundige gesondheidsertifikaat by die permitkantoor kry .",As jy inligting oor die presiese vereistes,As jy inligting vir 'n spesifieke produk,As jy inligting oor vereistes,As jy inligting vir produk,oor vereiste,vir produk,het,oor die presiese vereistes,vir 'n spesifieke produk,4,4,oor,vir,vereiste,produk,NOUN,NOUN,prepositional,prepositional,Preverbal,Afrikaans
Jy kan meer inligting oor invoervereistes by die permitkantoor of op die Departement van Landbou se webwerf kry .,Jy kan meer inligting oor invoervereistes,Jy kan meer inligting by die permitkantoor of op die Departement van Landbou se webwerf,Jy kan meer inligting oor invoervereistes,Jy kan meer inligting by permitkantoor,oor invoervereiste,by permitkantoor,kry,oor invoervereistes,by die permitkantoor of op die Departement van Landbou se webwerf,2,11,oor,by,invoervereiste,permitkantoor,NOUN,NOUN,prepositional,prepositional,Preverbal,Afrikaans
"Die Groen Sertifikaat word uitgereik wanneer die monster amptelik van die lot getrek word onder gesag van 'n geakkrediteerde laboratorium , maar die toetse deur 'n ander geakkrediteerde laboratorium in 'n ander land uitgevoer word .","Die Groen Sertifikaat word uitgereik wanneer die monster amptelik van die lot getrek word onder gesag van 'n geakkrediteerde laboratorium , maar die toetse deur 'n ander geakkrediteerde laboratorium","Die Groen Sertifikaat word uitgereik wanneer die monster amptelik van die lot getrek word onder gesag van 'n geakkrediteerde laboratorium , maar die toetse in 'n ander land","Die Groen Sertifikaat word uitgereik wanneer die monster amptelik van die lot getrek word onder gesag van 'n geakkrediteerde laboratorium , maar die toetse deur laboratorium","Die Groen Sertifikaat word uitgereik wanneer die monster amptelik van die lot getrek word onder gesag van 'n geakkrediteerde laboratorium , maar die toetse in land",deur laboratorium,in land,uitvoer,deur 'n ander geakkrediteerde laboratorium,in 'n ander land,5,4,deur,in,laboratorium,land,NOUN,NOUN,prepositional,prepositional,Preverbal,Afrikaans
"In gevalle waar onwettige besetters van die grond af verwyder moet word en dit nie hulle fundamentele regte benadeel nie , moet die regeringsinstansie wat vir die staatsgrond verantwoordelik is , of die privaat eienaar , onverwyld by die hof aansoek doen om uitsetting in terme van die Wet op die Voorkoming van Onwettige Uitsetting en Onregmatige Besetting van Grond , 1998 .","In gevalle waar onwettige besetters van die grond af verwyder moet word en dit nie hulle fundamentele regte benadeel nie ,",by die hof,In gevalle,by hof,in geval,by hof,doen,"In gevalle waar onwettige besetters van die grond af verwyder moet word en dit nie hulle fundamentele regte benadeel nie ,",by die hof,21,3,in,by,geval,hof,NOUN,NOUN,prepositional,prepositional,Preverbal,Afrikaans
Aannemingsdokumente wat deur die Registrateur van Aannemings by die Departement van Justisie onderteken en gestempel is .,Aannemingsdokumente wat deur die Registrateur van Aannemings,Aannemingsdokumente wat by die Departement van Justisie,Aannemingsdokumente wat deur Registrateur,Aannemingsdokumente wat by Departement,deur registrateur,by departement,onderteken,deur die Registrateur van Aannemings,by die Departement van Justisie,5,5,deur,by,registrateur,departement,NOUN,NOUN,prepositional,prepositional,Preverbal,Afrikaans
Sertifikate van opvoedkundige kwalifikasies wat deur die daartoe gemagtigde werknemer by die Departement van Onderwys onderteken en gestempel is .,Sertifikate van opvoedkundige kwalifikasies wat deur die daartoe gemagtigde werknemer,Sertifikate van opvoedkundige kwalifikasies wat by die Departement van Onderwys,Sertifikate van opvoedkundige kwalifikasies wat deur werknemer,Sertifikate van opvoedkundige kwalifikasies wat by Departement,deur werknemer,by departement,onderteken,deur die daartoe gemagtigde werknemer,by die Departement van Onderwys,5,5,deur,by,werknemer,departement,NOUN,NOUN,prepositional,prepositional,Preverbal,Afrikaans
Brief van geen beletsel ( huwelikstatusbrief ) wat deur die daartoe gemagtigde werknemer by Buitelandse Sake onderteken en gestempel is .,Brief van geen beletsel ( huwelikstatusbrief ) wat deur die daartoe gemagtigde werknemer,Brief van geen beletsel ( huwelikstatusbrief ) wat by Buitelandse Sake,Brief van geen beletsel ( huwelikstatusbrief ) wat deur werknemer,Brief van geen beletsel ( huwelikstatusbrief ) wat by Sake,deur werknemer,by saak,onderteken,deur die daartoe gemagtigde werknemer,by Buitelandse Sake,5,3,deur,by,werknemer,saak,NOUN,NOUN,prepositional,prepositional,Preverbal,Afrikaans
Mediese sertifikate wat deur die daartoe gemagtigde beamptes by die Raad vir Gesondheidsberoepe onderteken en gestempel is .,Mediese sertifikate wat deur die daartoe gemagtigde beamptes,Mediese sertifikate wat by die Raad vir Gesondheidsberoepe,Mediese sertifikate wat deur beamptes,Mediese sertifikate wat by Raad,deur beampte,by raad,onderteken,deur die daartoe gemagtigde beamptes,by die Raad vir Gesondheidsberoepe,5,5,deur,by,beampte,raad,NOUN,NOUN,prepositional,prepositional,Preverbal,Afrikaans
"'n Persoon wat vir die betaling van voorlopige belasting aanspreeklik word , moet binne 30 dae nadat hy of sy aanspreeklik geword het skriftelik om registrasie by die plaaslike takkantoor van die Suid-Afrikaanse Inkomstediens ( SAID ) aansoek doen .","'n Persoon wat vir die betaling van voorlopige belasting aanspreeklik word , moet binne 30 dae nadat hy of sy aanspreeklik geword het","'n Persoon wat vir die betaling van voorlopige belasting aanspreeklik word , moet om registrasie by die plaaslike takkantoor van die Suid-Afrikaanse Inkomstediens ( SAID )","'n Persoon wat vir die betaling van voorlopige belasting aanspreeklik word , moet binne dae","'n Persoon wat vir die betaling van voorlopige belasting aanspreeklik word , moet om registrasie",binne dag,om registrasie,doen,binne 30 dae nadat hy of sy aanspreeklik geword het,om registrasie by die plaaslike takkantoor van die Suid-Afrikaanse Inkomstediens ( SAID ),10,13,binne,om,dag,registrasie,NOUN,NOUN,prepositional,prepositional,Preverbal,Afrikaans
"As jy by enige tak van Absa , FNB of Nedbank oor die toonbank betaal , hoef jy nie meer 'n bankrekeningnommer en bankkode te verstrek wanneer jy betalings maak nie .","As jy by enige tak van Absa , FNB of Nedbank",As jy oor die toonbank,As jy by tak,As jy oor toonbank,by tak,oor toonbank,betaal,"by enige tak van Absa , FNB of Nedbank",oor die toonbank,9,3,by,oor,tak,toonbank,NOUN,NOUN,prepositional,prepositional,Preverbal,Afrikaans
"Indien die laaste dag vir betaling op 'n openbare vakansiedag of oor die naweek val , moet betaling op die laaste werksdag voor die openbare vakansiedag of naweek geskied .",Indien die laaste dag vir betaling op 'n openbare vakansiedag of,Indien die laaste dag vir betaling oor die naweek,Indien die laaste dag vir betaling op vakansiedag,Indien die laaste dag vir betaling oor naweek,op vakansiedag,oor naweek,val,op 'n openbare vakansiedag of,oor die naweek,5,3,op,oor,vakansiedag,naweek,NOUN,NOUN,prepositional,prepositional,Preverbal,Afrikaans
"Wanneer jy vir die betaling van voorlopige belasting aanspreeklik raak , moet jy binne 60 dae nadat jy aanspreeklik geraak het 'n geskrewe aansoek om registrasie by jou plaaslike takkantoor van die Suid-Afrikaanse Inkomstediens ( SAID ) indien .","Wanneer jy vir die betaling van voorlopige belasting aanspreeklik raak , moet jy binne 60 dae nadat jy aanspreeklik geraak het","Wanneer jy vir die betaling van voorlopige belasting aanspreeklik raak , moet jy by jou plaaslike takkantoor van die Suid-Afrikaanse Inkomstediens ( SAID )","Wanneer jy vir die betaling van voorlopige belasting aanspreeklik raak , moet jy binne dae","Wanneer jy vir die betaling van voorlopige belasting aanspreeklik raak , moet jy by takkantoor",binne dag,by takkantoor,indien,binne 60 dae nadat jy aanspreeklik geraak het,by jou plaaslike takkantoor van die Suid-Afrikaanse Inkomstediens ( SAID ),8,11,binne,by,dag,takkantoor,NOUN,NOUN,prepositional,prepositional,Preverbal,Afrikaans
Betalings aan die SAID kan op enigeen van die volgende maniere gemaak word .,Betalings aan die SAID,Betalings op enigeen van die volgende maniere,Betalings aan SAID,Betalings op enigeen,aan SAID,op enigeen,maak,aan die SAID,op enigeen van die volgende maniere,3,6,aan,op,SAID,enigeen,X,PRON,prepositional,prepositional,Preverbal,Afrikaans
"As jy by enige tak van Absa , FNB of Nedbank oor die toonbank betaal , hoef jy nie meer 'n bankrekeningnommer en bankkode te verstrek wanneer jy betalings maak nie .","As jy by enige tak van Absa , FNB of Nedbank",As jy oor die toonbank,As jy by tak,As jy oor toonbank,by tak,oor toonbank,betaal,"by enige tak van Absa , FNB of Nedbank",oor die toonbank,9,3,by,oor,tak,toonbank,NOUN,NOUN,prepositional,prepositional,Preverbal,Afrikaans
"Doen op enige tydstip gedurende of buite hofure , op openbare vakansiedae of oor naweke aansoek om beskermingsbevel by die Landdroshof naaste aan jou woon- en werkplek .",Doen op enige tydstip,Doen op openbare vakansiedae of oor naweke,Doen op tydstip,Doen op vakansiedae,op tydstip,op vakansiedag,doen,op enige tydstip,op openbare vakansiedae of oor naweke,3,6,op,op,tydstip,vakansiedag,NOUN,NOUN,prepositional,prepositional,Postverbal,Afrikaans
By ontvangs van die vorm sal die klerk jou aansoek na die landdros stuur .,By ontvangs van die vorm,na die landdros,By ontvangs,na landdros,by ontvangs,na landdros,stuur,By ontvangs van die vorm,na die landdros,5,3,by,na,ontvangs,landdros,NOUN,NOUN,prepositional,prepositional,Preverbal,Afrikaans
Tree met die kantoor vir die registrasie van maatskappye en intellektuele eiendom in verbinding .,Tree met die kantoor vir die registrasie van maatskappye en intellektuele eiendom,Tree in verbinding,Tree met kantoor,Tree in verbinding,met kantoor,in verbinding,tree,met die kantoor vir die registrasie van maatskappye en intellektuele eiendom,in verbinding,11,2,met,in,kantoor,verbinding,NOUN,NOUN,prepositional,prepositional,Postverbal,Afrikaans
"Vul in veld 74 ( "" Adres vir diens "" ) op vorm TM1 die adres in waarby jy alle mededelings van die Handelsmerkkantoor wil ontvang .","Vul in veld 74 ( "" Adres vir diens "" )",Vul op vorm TM1,Vul in veld,Vul op vorm,in veld,op vorm,vul,"in veld 74 ( "" Adres vir diens "" )",op vorm TM1,10,3,in,op,veld,vorm,NOUN,NOUN,prepositional,prepositional,Postverbal,Afrikaans
Die boedel van 'n gestorwene moet binne 14 dae van die sterfte by die Meester se kantoor aangemeld word .,Die boedel van 'n gestorwene moet binne 14 dae van die sterfte,Die boedel van 'n gestorwene moet by die Meester se kantoor,Die boedel van 'n gestorwene moet binne dae,Die boedel van 'n gestorwene moet by kantoor,binne dag,by kantoor,aanmeld,binne 14 dae van die sterfte,by die Meester se kantoor,6,5,binne,by,dag,kantoor,NOUN,NOUN,prepositional,prepositional,Preverbal,Afrikaans
Tree met die Afdeling Konsulêre Dienste in verbinding as jy hulp nodig het .,Tree met die Afdeling Konsulêre Dienste,Tree in verbinding,Tree met Dienste,Tree in verbinding,met diens,in verbinding,tree,met die Afdeling Konsulêre Dienste,in verbinding,5,2,met,in,diens,verbinding,NOUN,NOUN,prepositional,prepositional,Postverbal,Afrikaans
"Dit is egter moontlik dat sodanige individue oor baie jare heen 'n enorme bydrae tot die wetenskaplike gemeenskap kon gelewer het , en hierdie bydrae nog vir baie jare lank sal bly lewer .",Dit is egter moontlik dat sodanige individue oor baie jare heen,Dit is egter moontlik dat sodanige individue tot die wetenskaplike gemeenskap,Dit is egter moontlik dat sodanige individue oor jare,Dit is egter moontlik dat sodanige individue tot gemeenskap,oor jaar,tot gemeenskap,lewer,oor baie jare heen,tot die wetenskaplike gemeenskap,4,4,oor,tot,jaar,gemeenskap,NOUN,NOUN,prepositional,prepositional,Preverbal,Afrikaans
"Ek is egter besonder bly om vandag die agbare Albertina Luthuli in ons midde te verwelkom ; dogter van ons eerste Nobel-vredespryswenner , Inkosi Albert Luthuli , wie se tragiese dood , 40 jaar gelede , ons vanjaar herdenk wanneer ons die tragiese dag in herinnering roep waarop aangekondig is dat hy in die suikervelde van KwaDukuza deur 'n voortsnellende trein vermorsel is .","Ek is egter besonder bly om vandag die agbare Albertina Luthuli in ons midde te verwelkom ; dogter van ons eerste Nobel-vredespryswenner , Inkosi Albert Luthuli , wie se tragiese dood , 40 jaar gelede , ons vanjaar herdenk wanneer ons die tragiese dag in herinnering roep waarop aangekondig is dat hy in die suikervelde van KwaDukuza","Ek is egter besonder bly om vandag die agbare Albertina Luthuli in ons midde te verwelkom ; dogter van ons eerste Nobel-vredespryswenner , Inkosi Albert Luthuli , wie se tragiese dood , 40 jaar gelede , ons vanjaar herdenk wanneer ons die tragiese dag in herinnering roep waarop aangekondig is dat hy deur 'n voortsnellende trein","Ek is egter besonder bly om vandag die agbare Albertina Luthuli in ons midde te verwelkom ; dogter van ons eerste Nobel-vredespryswenner , Inkosi Albert Luthuli , wie se tragiese dood , 40 jaar gelede , ons vanjaar herdenk wanneer ons die tragiese dag in herinnering roep waarop aangekondig is dat hy in suikervelde","Ek is egter besonder bly om vandag die agbare Albertina Luthuli in ons midde te verwelkom ; dogter van ons eerste Nobel-vredespryswenner , Inkosi Albert Luthuli , wie se tragiese dood , 40 jaar gelede , ons vanjaar herdenk wanneer ons die tragiese dag in herinnering roep waarop aangekondig is dat hy deur trein",in suikerveld,deur trein,vermorsel,in die suikervelde van KwaDukuza,deur 'n voortsnellende trein,5,4,in,deur,suikerveld,trein,NOUN,NOUN,prepositional,prepositional,Preverbal,Afrikaans
"In die lig daarvan is dit vanselfsprekend dat ons onsself sou afvra watter vordering ons gemaak het in ons pogings om die doelwitte te bereik waartoe ons toegewy is , soos ons die nasie in alle eerlikheid verseker het , en wat daartoe gelei het dat ons mense op oorweldigende wyse aan ons die gesag verleen het om ons land van 2004 tot met die volgende verkiesing in 2009 te regeer !","In die lig daarvan is dit vanselfsprekend dat ons onsself sou afvra watter vordering ons gemaak het in ons pogings om die doelwitte te bereik waartoe ons toegewy is , soos ons die nasie in alle eerlikheid verseker het , en wat daartoe gelei het dat ons mense op oorweldigende wyse","In die lig daarvan is dit vanselfsprekend dat ons onsself sou afvra watter vordering ons gemaak het in ons pogings om die doelwitte te bereik waartoe ons toegewy is , soos ons die nasie in alle eerlikheid verseker het , en wat daartoe gelei het dat ons mense aan ons","In die lig daarvan is dit vanselfsprekend dat ons onsself sou afvra watter vordering ons gemaak het in ons pogings om die doelwitte te bereik waartoe ons toegewy is , soos ons die nasie in alle eerlikheid verseker het , en wat daartoe gelei het dat ons mense op wyse","In die lig daarvan is dit vanselfsprekend dat ons onsself sou afvra watter vordering ons gemaak het in ons pogings om die doelwitte te bereik waartoe ons toegewy is , soos ons die nasie in alle eerlikheid verseker het , en wat daartoe gelei het dat ons mense aan ons",op wyse,aan ons,verleen,op oorweldigende wyse,aan ons,3,2,op,aan,wyse,ons,NOUN,PRON,prepositional,prepositional,Preverbal,Afrikaans
"Met u vergunning wil ek graag verder teruggaan , en in die herinnering roep wat ons , as verteenwoordigers van ons mense , in 2004 gesê het in die teenwoordigheid van ons vriende van die res van die wêreld , wat byeengekom by die regeringsetel by die Uniegebou in Pretoria , op Vryheidsdag , die 10de herdenking van ons bevryding , en in deelname aan die inhuldiging van die President van die Republiek , wat deur ons Parlement verkies is ooreenkomstig die wil wat ons mense op demokratiese wyse tydens die 2004-verkiesing uitgespreek het .","Met u vergunning wil ek graag verder teruggaan , en in die herinnering roep wat ons , as verteenwoordigers van ons mense , in 2004 gesê het in die teenwoordigheid van ons vriende van die res van die wêreld , wat byeengekom by die regeringsetel by die Uniegebou in Pretoria ,","Met u vergunning wil ek graag verder teruggaan , en in die herinnering roep wat ons , as verteenwoordigers van ons mense , in 2004 gesê het in die teenwoordigheid van ons vriende van die res van die wêreld , wat byeengekom op Vryheidsdag , die 10de herdenking van ons bevryding , en in deelname aan die inhuldiging van die President van die Republiek , wat deur ons Parlement verkies is ooreenkomstig die wil wat ons mense op demokratiese wyse tydens die 2004-verkiesing uitgespreek het .","Met u vergunning wil ek graag verder teruggaan , en in die herinnering roep wat ons , as verteenwoordigers van ons mense , in 2004 gesê het in die teenwoordigheid van ons vriende van die res van die wêreld , wat byeengekom by regeringsetel","Met u vergunning wil ek graag verder teruggaan , en in die herinnering roep wat ons , as verteenwoordigers van ons mense , in 2004 gesê het in die teenwoordigheid van ons vriende van die res van die wêreld , wat byeengekom op Vryheidsdag",by regeringsetel,op Vryheidsdag,byeenkom,"by die regeringsetel by die Uniegebou in Pretoria ,","op Vryheidsdag , die 10de herdenking van ons bevryding , en in deelname aan die inhuldiging van die President van die Republiek , wat deur ons Parlement verkies is ooreenkomstig die wil wat ons mense op demokratiese wyse tydens die 2004-verkiesing uitgespreek het .",9,44,by,op,regeringsetel,Vryheidsdag,NOUN,NOUN,prepositional,prepositional,Postverbal,Afrikaans
"Met u vergunning wil ek graag verder teruggaan , en in die herinnering roep wat ons , as verteenwoordigers van ons mense , in 2004 gesê het in die teenwoordigheid van ons vriende van die res van die wêreld , wat byeengekom by die regeringsetel by die Uniegebou in Pretoria , op Vryheidsdag , die 10de herdenking van ons bevryding , en in deelname aan die inhuldiging van die President van die Republiek , wat deur ons Parlement verkies is ooreenkomstig die wil wat ons mense op demokratiese wyse tydens die 2004-verkiesing uitgespreek het .","Met u vergunning wil ek graag verder teruggaan , en in die herinnering roep wat ons , as verteenwoordigers van ons mense , in 2004 gesê het in die teenwoordigheid van ons vriende van die res van die wêreld , wat byeengekom by die regeringsetel by die Uniegebou in Pretoria , op Vryheidsdag , die 10de herdenking van ons bevryding , en in deelname aan die inhuldiging van die President van die Republiek , wat deur ons Parlement verkies is ooreenkomstig die wil wat ons mense op demokratiese wyse","Met u vergunning wil ek graag verder teruggaan , en in die herinnering roep wat ons , as verteenwoordigers van ons mense , in 2004 gesê het in die teenwoordigheid van ons vriende van die res van die wêreld , wat byeengekom by die regeringsetel by die Uniegebou in Pretoria , op Vryheidsdag , die 10de herdenking van ons bevryding , en in deelname aan die inhuldiging van die President van die Republiek , wat deur ons Parlement verkies is ooreenkomstig die wil wat ons mense tydens die 2004-verkiesing","Met u vergunning wil ek graag verder teruggaan , en in die herinnering roep wat ons , as verteenwoordigers van ons mense , in 2004 gesê het in die teenwoordigheid van ons vriende van die res van die wêreld , wat byeengekom by die regeringsetel by die Uniegebou in Pretoria , op Vryheidsdag , die 10de herdenking van ons bevryding , en in deelname aan die inhuldiging van die President van die Republiek , wat deur ons Parlement verkies is ooreenkomstig die wil wat ons mense op wyse","Met u vergunning wil ek graag verder teruggaan , en in die herinnering roep wat ons , as verteenwoordigers van ons mense , in 2004 gesê het in die teenwoordigheid van ons vriende van die res van die wêreld , wat byeengekom by die regeringsetel by die Uniegebou in Pretoria , op Vryheidsdag , die 10de herdenking van ons bevryding , en in deelname aan die inhuldiging van die President van die Republiek , wat deur ons Parlement verkies is ooreenkomstig die wil wat ons mense tydens 2004-verkiesing",op wyse,tydens 2004-verkiesing,uitspreek,op demokratiese wyse,tydens die 2004-verkiesing,3,3,op,tydens,wyse,2004-verkiesing,NOUN,NOUN,prepositional,prepositional,Preverbal,Afrikaans
"Teen 'n gemiddeld van meer as 4,5% was die groeikoers van ons ekonomie oor die afgelope twee-en-'n-half jaar die hoogste sedert ons in 1994 'n demokrasie tot stand gebring het .","Teen 'n gemiddeld van meer as 4,5% was die groeikoers van ons ekonomie oor die afgelope twee-en-'n-half jaar die hoogste sedert ons in 1994","Teen 'n gemiddeld van meer as 4,5% was die groeikoers van ons ekonomie oor die afgelope twee-en-'n-half jaar die hoogste sedert ons tot stand","Teen 'n gemiddeld van meer as 4,5% was die groeikoers van ons ekonomie oor die afgelope twee-en-'n-half jaar die hoogste sedert ons in 1994","Teen 'n gemiddeld van meer as 4,5% was die groeikoers van ons ekonomie oor die afgelope twee-en-'n-half jaar die hoogste sedert ons tot stand",in 1994,tot stand,bring,in 1994,tot stand,2,2,in,tot,1994,stand,SYM,NOUN,prepositional,prepositional,Preverbal,Afrikaans
Die getal werkende mense het oor die afgelope drie jaar met ongeveer 'n halfmiljoen per jaar toegeneem .,Die getal werkende mense het oor die afgelope drie jaar,Die getal werkende mense het met ongeveer 'n halfmiljoen per jaar,Die getal werkende mense het oor jaar,Die getal werkende mense het met halfmiljoen,oor jaar,met halfmiljoen,toeneem,oor die afgelope drie jaar,met ongeveer 'n halfmiljoen per jaar,5,6,oor,met,jaar,halfmiljoen,NOUN,NUM,prepositional,prepositional,Preverbal,Afrikaans
Hulle eienaarskap van die markkapitalisasie van die JSE het toegeneem van net meer as 3% in 2004 tot byna 5% ; en die verhouding van swart mense in die topbestuur het van 24% van die totaal tot 27% toegeneem .,Hulle eienaarskap van die markkapitalisasie van die JSE het toegeneem van net meer as 3% in 2004 tot byna 5% ; en die verhouding van swart mense in die topbestuur het van 24% van die totaal,Hulle eienaarskap van die markkapitalisasie van die JSE het toegeneem van net meer as 3% in 2004 tot byna 5% ; en die verhouding van swart mense in die topbestuur het tot 27%,Hulle eienaarskap van die markkapitalisasie van die JSE het toegeneem van net meer as 3% in 2004 tot byna 5% ; en die verhouding van swart mense in die topbestuur het van 24%,Hulle eienaarskap van die markkapitalisasie van die JSE het toegeneem van net meer as 3% in 2004 tot byna 5% ; en die verhouding van swart mense in die topbestuur het tot 27%,van 24%,tot 27%,toeneem,van 24% van die totaal,tot 27%,5,2,van,tot,24%,27%,SYM,SYM,prepositional,prepositional,Preverbal,Afrikaans
"Dit is bemoedigend dat 300 000 van die werksgeleenthede wat net in die jaar van Maart 2005 tot Maart 2006 geskep is , in die formele sektor , buite die landbousektor , val - dit verteenwoordig 'n groeikoers van sowat 4% .","Dit is bemoedigend dat 300 000 van die werksgeleenthede wat net in die jaar van Maart 2005 tot Maart 2006 geskep is , in die formele sektor ,","Dit is bemoedigend dat 300 000 van die werksgeleenthede wat net in die jaar van Maart 2005 tot Maart 2006 geskep is , buite die landbousektor ,","Dit is bemoedigend dat 300 000 van die werksgeleenthede wat net in die jaar van Maart 2005 tot Maart 2006 geskep is , in sektor","Dit is bemoedigend dat 300 000 van die werksgeleenthede wat net in die jaar van Maart 2005 tot Maart 2006 geskep is , buite landbousektor",in sektor,buite landbousektor,val,"in die formele sektor ,","buite die landbousektor ,",5,4,in,buite,sektor,landbousektor,NOUN,NOUN,prepositional,prepositional,Preverbal,Afrikaans
"Dit is vir ons iets om op trots te wees dat ons , ooreenkomstig ons belofte om 'n sorgsame gemeenskap te skep , sedert 2004 dienslewering en ander aspekte van die maatskaplike bestel verbeter het .","Dit is vir ons iets om op trots te wees dat ons , ooreenkomstig ons belofte om 'n sorgsame gemeenskap te skep ,","Dit is vir ons iets om op trots te wees dat ons , sedert 2004","Dit is vir ons iets om op trots te wees dat ons , ooreenkomstig belofte","Dit is vir ons iets om op trots te wees dat ons , sedert 2004",ooreenkomstig belofte,sedert 2004,verbeter,"ooreenkomstig ons belofte om 'n sorgsame gemeenskap te skep ,",sedert 2004,10,2,ooreenkomstig,sedert,belofte,2004,NOUN,SYM,prepositional,prepositional,Preverbal,Afrikaans
Dit is bemoedigend dat die toename in die koers waarteen hierdie toelaes opgeneem word oor die afgelope tyd binne beheerbare perke geval het namate die programme volwassenheid bereik .,Dit is bemoedigend dat die toename in die koers waarteen hierdie toelaes opgeneem word oor die afgelope tyd,Dit is bemoedigend dat die toename in die koers waarteen hierdie toelaes opgeneem word binne beheerbare perke,Dit is bemoedigend dat die toename in die koers waarteen hierdie toelaes opgeneem word oor tyd,Dit is bemoedigend dat die toename in die koers waarteen hierdie toelaes opgeneem word binne perke,oor tyd,binne perk,val,oor die afgelope tyd,binne beheerbare perke,4,3,oor,binne,tyd,perk,NOUN,NOUN,prepositional,prepositional,Preverbal,Afrikaans
Teen 2005 het Suid-Afrika reeds die Millenniumontwikkelingsdoelwit met betrekking tot basiese watervoorsiening bereik deurdat toegang tot water van 59% in 1994 tot 83% in 2006 toegeneem het .,Teen 2005 het Suid-Afrika reeds die Millenniumontwikkelingsdoelwit met betrekking tot basiese watervoorsiening bereik deurdat toegang tot water van 59% in 1994,Teen 2005 het Suid-Afrika reeds die Millenniumontwikkelingsdoelwit met betrekking tot basiese watervoorsiening bereik deurdat toegang tot water tot 83% in 2006,Teen 2005 het Suid-Afrika reeds die Millenniumontwikkelingsdoelwit met betrekking tot basiese watervoorsiening bereik deurdat toegang tot water van 59%,Teen 2005 het Suid-Afrika reeds die Millenniumontwikkelingsdoelwit met betrekking tot basiese watervoorsiening bereik deurdat toegang tot water tot 83%,van 59%,tot 83%,toeneem,van 59% in 1994,tot 83% in 2006,4,4,van,tot,59%,83%,SYM,SYM,prepositional,prepositional,Preverbal,Afrikaans
Ons is trots daarop dat ons binne een jaar die agterstand in die totale afskaffing van die emmerstelsel in gevestigde nedersettings met byna die helfte verminder het .,Ons is trots daarop dat ons binne een jaar,Ons is trots daarop dat ons met byna die helfte,Ons is trots daarop dat ons binne jaar,Ons is trots daarop dat ons met helfte,binne jaar,met helfte,verminder,binne een jaar,met byna die helfte,3,4,binne,met,jaar,helfte,NOUN,NOUN,prepositional,prepositional,Preverbal,Afrikaans
Ons is op koers om hierdie ontmenslikende stelsel in hierdie gebiede teen die einde van die jaar heeltemal tot 'n einde te bring .,Ons is op koers om hierdie ontmenslikende stelsel in hierdie gebiede teen die einde van die jaar,Ons is op koers om hierdie ontmenslikende stelsel in hierdie gebiede tot 'n einde,Ons is op koers om hierdie ontmenslikende stelsel in hierdie gebiede teen einde,Ons is op koers om hierdie ontmenslikende stelsel in hierdie gebiede tot einde,teen einde,tot einde,bring,teen die einde van die jaar,tot 'n einde,6,3,teen,tot,einde,einde,NOUN,NOUN,prepositional,prepositional,Preverbal,Afrikaans
"Ofskoon daar in die onlangse verlede meer sake ingevolge die grondhervormingsprogram afgehandel is , moet ons steeds 'n ernstige poging aanwend om die oorblywende sake , waarvan talle meer ingewikkeld is , af te handel .",Ofskoon daar in die onlangse verlede,Ofskoon daar ingevolge die grondhervormingsprogram,Ofskoon daar in verlede,Ofskoon daar ingevolge grondhervormingsprogram,in verlede,ingevolge grondhervormingsprogram,afhandel,in die onlangse verlede,ingevolge die grondhervormingsprogram,4,3,in,ingevolge,verlede,grondhervormingsprogram,NOUN,NOUN,prepositional,prepositional,Preverbal,Afrikaans
Aan die ander kant is weinig vordering met die herverdeling van grond gemaak .,Aan die ander kant,met die herverdeling van grond,Aan kant,met herverdeling,aan kant,met herverdeling,maak,Aan die ander kant,met die herverdeling van grond,4,5,aan,met,kant,herverdeling,NOUN,NOUN,prepositional,prepositional,Preverbal,Afrikaans
"Bogenoemde sal sorg dat mense wat maatskaplike bystand ontvang op sistematiese wyse met munisipale dienste en werksgeleenthede gekoppel word , en sal ons voortdurend gerig hou op ons taak om soveel moontlik van ons mense van hulle afhanklikheid van maatskaplike toelaes te speen en hulle tot die arbeidsmark te laat toetree .",Bogenoemde sal sorg dat mense wat maatskaplike bystand ontvang op sistematiese wyse,Bogenoemde sal sorg dat mense wat maatskaplike bystand ontvang met munisipale dienste en werksgeleenthede,Bogenoemde sal sorg dat mense wat maatskaplike bystand ontvang op wyse,Bogenoemde sal sorg dat mense wat maatskaplike bystand ontvang met dienste,op wyse,met diens,koppel,op sistematiese wyse,met munisipale dienste en werksgeleenthede,3,5,op,met,wyse,diens,NOUN,NOUN,prepositional,prepositional,Preverbal,Afrikaans
"Bogenoemde sal sorg dat mense wat maatskaplike bystand ontvang op sistematiese wyse met munisipale dienste en werksgeleenthede gekoppel word , en sal ons voortdurend gerig hou op ons taak om soveel moontlik van ons mense van hulle afhanklikheid van maatskaplike toelaes te speen en hulle tot die arbeidsmark te laat toetree .","Bogenoemde sal sorg dat mense wat maatskaplike bystand ontvang op sistematiese wyse met munisipale dienste en werksgeleenthede gekoppel word , en sal ons voortdurend gerig hou op ons taak om soveel moontlik van ons mense","Bogenoemde sal sorg dat mense wat maatskaplike bystand ontvang op sistematiese wyse met munisipale dienste en werksgeleenthede gekoppel word , en sal ons voortdurend gerig hou op ons taak om soveel moontlik van hulle afhanklikheid van maatskaplike toelaes","Bogenoemde sal sorg dat mense wat maatskaplike bystand ontvang op sistematiese wyse met munisipale dienste en werksgeleenthede gekoppel word , en sal ons voortdurend gerig hou op ons taak om soveel moontlik van mense","Bogenoemde sal sorg dat mense wat maatskaplike bystand ontvang op sistematiese wyse met munisipale dienste en werksgeleenthede gekoppel word , en sal ons voortdurend gerig hou op ons taak om soveel moontlik van afhanklikheid",van mens,van afhanklikheid,speen,van ons mense,van hulle afhanklikheid van maatskaplike toelaes,3,6,van,van,mens,afhanklikheid,NOUN,NOUN,prepositional,prepositional,Preverbal,Afrikaans
"In hierdie jaar , wat die 60ste herdenking verteenwoordig van die verdrag van dokters onder leiers van die Afrika- en Indiërgemeenskap ( AB Xuma , GM Naicker en Yusuf Dadoo ) , die 30ste herdenking van die moord op Steve Biko en die 20ste herdenking van Afrikaner-intellektuele se besoek aan Dakar om met die ANC te praat , moet die kwessie van ons diversiteit aan identiteit en die oorkoepelende sin dat ons almal tot Suid-Afrika behoort beter na die hele samelewing uitgedra word op 'n manier wat ons eenheid as 'n nasie versterk .","In hierdie jaar , wat die 60ste herdenking verteenwoordig van die verdrag van dokters onder leiers van die Afrika- en Indiërgemeenskap ( AB Xuma , GM Naicker en Yusuf Dadoo ) , die 30ste herdenking van die moord op Steve Biko en die 20ste herdenking van Afrikaner-intellektuele se besoek aan Dakar om met die ANC te praat ,",na die hele samelewing,In jaar,na samelewing,in jaar,na samelewing,uitdra,"In hierdie jaar , wat die 60ste herdenking verteenwoordig van die verdrag van dokters onder leiers van die Afrika- en Indiërgemeenskap ( AB Xuma , GM Naicker en Yusuf Dadoo ) , die 30ste herdenking van die moord op Steve Biko en die 20ste herdenking van Afrikaner-intellektuele se besoek aan Dakar om met die ANC te praat ,",na die hele samelewing,58,4,in,na,jaar,samelewing,NOUN,NOUN,prepositional,prepositional,Preverbal,Afrikaans
"Met ander woorde : die maatreëls wat nodig is om maatskaplike binding te bewerkstellig , kan nie slegs deur die Regering geneem word nie .",Met ander woorde :,deur die Regering,Met woorde,deur Regering,met woord,deur regering,neem,Met ander woorde :,deur die Regering,4,3,met,deur,woord,regering,NOUN,NOUN,prepositional,prepositional,Preverbal,Afrikaans
"Dit is ongetwyfeld onmoontlik om dit wat lelik en weersinwekkend is , uit te wis en die geluk wat met vryheid gepaardgaan op te eis solank gemeenskappe in vrees lewe : terwyl hulle ingekerker is tussen hoë mure en doringdraad , in hulle huise , op straat en op die pad in voortdurende angs verkeer , en nie in staat is om ons openbare ruimtes te geniet nie .","Dit is ongetwyfeld onmoontlik om dit wat lelik en weersinwekkend is , uit te wis en die geluk wat met vryheid gepaardgaan op te eis solank gemeenskappe in vrees lewe : terwyl hulle ingekerker is tussen hoë mure en doringdraad , in hulle huise , op straat en op die pad","Dit is ongetwyfeld onmoontlik om dit wat lelik en weersinwekkend is , uit te wis en die geluk wat met vryheid gepaardgaan op te eis solank gemeenskappe in vrees lewe : terwyl hulle ingekerker is tussen hoë mure en doringdraad , in voortdurende angs","Dit is ongetwyfeld onmoontlik om dit wat lelik en weersinwekkend is , uit te wis en die geluk wat met vryheid gepaardgaan op te eis solank gemeenskappe in vrees lewe : terwyl hulle ingekerker is tussen hoë mure en doringdraad , in huise","Dit is ongetwyfeld onmoontlik om dit wat lelik en weersinwekkend is , uit te wis en die geluk wat met vryheid gepaardgaan op te eis solank gemeenskappe in vrees lewe : terwyl hulle ingekerker is tussen hoë mure en doringdraad , in angs",in huis,in angs,verkeer,"in hulle huise , op straat en op die pad",in voortdurende angs,10,3,in,in,huis,angs,NOUN,NOUN,prepositional,prepositional,Preverbal,Afrikaans
"Ons sal hierdie kwessie in die loop van die jaar in oënskou neem sodat ons , afgesien van 'n verbetering in die werk van die polisie , ook saam met die privaat veiligheidsindustrie 'n omgewing kan skep waarin daar werklik aan die publiek se verwagtinge omtrent veiligheid , waaraan hulpbronne van reusagtige omvang bestee word , voldoen kan word .",Ons sal hierdie kwessie in die loop van die jaar,Ons sal hierdie kwessie in oënskou,Ons sal hierdie kwessie in loop,Ons sal hierdie kwessie in oënskou,in loop,in oënskou,neem,in die loop van die jaar,in oënskou,6,2,in,in,loop,oënskou,NOUN,NOUN,prepositional,prepositional,Preverbal,Afrikaans
"Ons gaan voort om hierdie uitdagings die hoof te bied en sal al die nodige take uitvoer wat in ons vyfjaar- strategiese plan vir plaaslike regering vervat is , met inbegrip van daadwerklike hulp deur nasionale en provinsiale strukture aan munisipaliteite , die ontplooiing van opgeleide personeel , wat professionele vrywilligers uit die publiek insluit , en die versterking van wykskomitees , waarvan 80% reeds oor die hele land in die lewe geroep is .","Ons gaan voort om hierdie uitdagings die hoof te bied en sal al die nodige take uitvoer wat in ons vyfjaar- strategiese plan vir plaaslike regering vervat is , met inbegrip van daadwerklike hulp deur nasionale en provinsiale strukture aan munisipaliteite , die ontplooiing van opgeleide personeel , wat professionele vrywilligers uit die publiek insluit , en die versterking van wykskomitees , waarvan 80% reeds oor die hele land","Ons gaan voort om hierdie uitdagings die hoof te bied en sal al die nodige take uitvoer wat in ons vyfjaar- strategiese plan vir plaaslike regering vervat is , met inbegrip van daadwerklike hulp deur nasionale en provinsiale strukture aan munisipaliteite , die ontplooiing van opgeleide personeel , wat professionele vrywilligers uit die publiek insluit , en die versterking van wykskomitees , waarvan 80% reeds in die lewe","Ons gaan voort om hierdie uitdagings die hoof te bied en sal al die nodige take uitvoer wat in ons vyfjaar- strategiese plan vir plaaslike regering vervat is , met inbegrip van daadwerklike hulp deur nasionale en provinsiale strukture aan munisipaliteite , die ontplooiing van opgeleide personeel , wat professionele vrywilligers uit die publiek insluit , en die versterking van wykskomitees , waarvan 80% reeds oor land","Ons gaan voort om hierdie uitdagings die hoof te bied en sal al die nodige take uitvoer wat in ons vyfjaar- strategiese plan vir plaaslike regering vervat is , met inbegrip van daadwerklike hulp deur nasionale en provinsiale strukture aan munisipaliteite , die ontplooiing van opgeleide personeel , wat professionele vrywilligers uit die publiek insluit , en die versterking van wykskomitees , waarvan 80% reeds in lewe",oor land,in lewe,roep,oor die hele land,in die lewe,4,3,oor,in,land,lewe,NOUN,NOUN,prepositional,prepositional,Preverbal,Afrikaans
"Loodsprogramme wat op volle belyning gerig is , is reeds in 13 distrikte en metro's in werking gestel .","Loodsprogramme wat op volle belyning gerig is , is reeds in 13 distrikte en metro's","Loodsprogramme wat op volle belyning gerig is , is reeds in werking","Loodsprogramme wat op volle belyning gerig is , is reeds in distrikte","Loodsprogramme wat op volle belyning gerig is , is reeds in werking",in distrik,in werking,stel,in 13 distrikte en metro's,in werking,5,2,in,in,distrik,werking,NOUN,NOUN,prepositional,prepositional,Preverbal,Afrikaans
Ten opsigte van mineraalverwerking sal ons byvoorbeeld 'n staatsdiamanthandelaar op die been bring wat 10% van ons plaaslike diamantproduksie sal aankoop en hierdie diamante aan plaaslike slypers en produsente sal verkoop .,Ten opsigte van mineraalverwerking,op die been,Ten opsigte,op been,ten opsigte,op been,bring,Ten opsigte van mineraalverwerking,op die been,4,3,ten,op,opsigte,been,NOUN,NOUN,prepositional,prepositional,Preverbal,Afrikaans
"Ons is bly dat De Beers ingestem het om ons vir drie jaar lank gratis met die bestuur , tegniese vaardighede en batevoorsiening te help .",Ons is bly dat De Beers ingestem het om ons vir drie jaar lank,"Ons is bly dat De Beers ingestem het om ons met die bestuur , tegniese vaardighede en batevoorsiening",Ons is bly dat De Beers ingestem het om ons vir jaar,Ons is bly dat De Beers ingestem het om ons met bestuur,vir jaar,met bestuur,help,vir drie jaar lank,"met die bestuur , tegniese vaardighede en batevoorsiening",4,8,vir,met,jaar,bestuur,NOUN,NOUN,prepositional,prepositional,Preverbal,Afrikaans
"Programme ontwikkel wat belegging sal vergemaklik in sektore wat deel uitmaak van die voorsieningsketting vir ons infrastruktuur , met inbegrip van kapitaalgoedere , inligting en kommunikasie-tegnologie ( ICT ) , vervoer en energie .","Programme ontwikkel wat belegging sal vergemaklik in sektore wat deel uitmaak van die voorsieningsketting vir ons infrastruktuur ,","Programme ontwikkel wat belegging sal vergemaklik met inbegrip van kapitaalgoedere , inligting en kommunikasie-tegnologie ( ICT ) , vervoer en energie",Programme ontwikkel wat belegging sal vergemaklik in sektore,Programme ontwikkel wat belegging sal vergemaklik met inbegrip,in sektor,met inbegrip,vergemaklik,"in sektore wat deel uitmaak van die voorsieningsketting vir ons infrastruktuur ,","met inbegrip van kapitaalgoedere , inligting en kommunikasie-tegnologie ( ICT ) , vervoer en energie",12,15,in,met,sektor,inbegrip,NOUN,NOUN,prepositional,prepositional,Postverbal,Afrikaans
"Ten opsigte van energie sal ons ook die werk bespoedig wat ons in staat sal stel om in 'n groter mate op die opwekking van kernkrag , aardgas en verskeie vorme van hernubare energiebronne staat te maak .",Ten opsigte van energie sal ons ook die werk bespoedig wat ons in staat sal stel om in 'n groter mate,"Ten opsigte van energie sal ons ook die werk bespoedig wat ons in staat sal stel om op die opwekking van kernkrag , aardgas en verskeie vorme van hernubare energiebronne",Ten opsigte van energie sal ons ook die werk bespoedig wat ons in staat sal stel om in mate,Ten opsigte van energie sal ons ook die werk bespoedig wat ons in staat sal stel om op opwekking,in mate,op opwekking,maak,in 'n groter mate,"op die opwekking van kernkrag , aardgas en verskeie vorme van hernubare energiebronne",4,13,in,op,mate,opwekking,NOUN,NOUN,prepositional,prepositional,Preverbal,Afrikaans
Die spesiale tarief sal regstreeks vergelykbaar wees met die tariewe wat in enige vergelykbare land vir dieselfde diens en kapasiteit gehef word .,Die spesiale tarief sal regstreeks vergelykbaar wees met die tariewe wat in enige vergelykbare land,Die spesiale tarief sal regstreeks vergelykbaar wees met die tariewe wat vir dieselfde diens en kapasiteit,Die spesiale tarief sal regstreeks vergelykbaar wees met die tariewe wat in land,Die spesiale tarief sal regstreeks vergelykbaar wees met die tariewe wat vir diens,in land,vir diens,hef,in enige vergelykbare land,vir dieselfde diens en kapasiteit,4,5,in,vir,land,diens,NOUN,NOUN,prepositional,prepositional,Preverbal,Afrikaans
"Na indringende samesprekings tussen die Regering en universiteitsleiers is daar tot 'n vergelyk gekom en is besluite geneem oor die hulpbronne wat nodig is om te sorg dat die behoefte aan vaardighede waaraan daar 'n tekort is , vervul word .",Na indringende samesprekings tussen die Regering en universiteitsleiers,tot 'n vergelyk,Na samesprekings,tot vergelyk,na samespreking,tot vergelyk,kom,Na indringende samesprekings tussen die Regering en universiteitsleiers,tot 'n vergelyk,8,3,na,tot,samespreking,vergelyk,NOUN,NOUN,prepositional,prepositional,Preverbal,Afrikaans
"Ons wil die maatskaplike programme wat ons oor die jare heen in werking gestel het , verbeter .",Ons wil die maatskaplike programme wat ons oor die jare heen,Ons wil die maatskaplike programme wat ons in werking,Ons wil die maatskaplike programme wat ons oor jare,Ons wil die maatskaplike programme wat ons in werking,oor jaar,in werking,stel,oor die jare heen,in werking,4,2,oor,in,jaar,werking,NOUN,NOUN,prepositional,prepositional,Preverbal,Afrikaans
Met hierdie doel voor oë wil ons vanjaar ons stelsel van maatskaplike sekerheid so hervorm dat daar so gou moontlik begin kan word om dit in verskillende fases in werking te stel .,Met hierdie doel voor oë wil ons vanjaar ons stelsel van maatskaplike sekerheid so hervorm dat daar so gou moontlik begin kan word om dit in verskillende fases,Met hierdie doel voor oë wil ons vanjaar ons stelsel van maatskaplike sekerheid so hervorm dat daar so gou moontlik begin kan word om dit in werking,Met hierdie doel voor oë wil ons vanjaar ons stelsel van maatskaplike sekerheid so hervorm dat daar so gou moontlik begin kan word om dit in fases,Met hierdie doel voor oë wil ons vanjaar ons stelsel van maatskaplike sekerheid so hervorm dat daar so gou moontlik begin kan word om dit in werking,in fase,in werking,stel,in verskillende fases,in werking,3,2,in,in,fase,werking,NOUN,NOUN,prepositional,prepositional,Preverbal,Afrikaans
In hierdie verband wil ek van die geleentheid gebruik maak om te beklemtoon dat die Regering en ons vennote by Santaco hulle nie sal laat boelie om die taxi-herkapitaliseringsprojek te laat vaar nie .,In hierdie verband,van die geleentheid,In verband,van geleentheid,in verband,van geleentheid,maak,In hierdie verband,van die geleentheid,3,3,in,van,verband,geleentheid,NOUN,NOUN,prepositional,prepositional,Preverbal,Afrikaans
Om toe te sien dat maatreëls ter verlaging van die koste van medisyne onmiddellik in werking gestel word .,Om toe te sien dat,in werking,Om sien,in werking,om sien,in werking,stel,Om toe te sien dat,in werking,5,2,om,in,sien,werking,VERB,NOUN,prepositional,prepositional,Preverbal,Afrikaans
"Die uitdaging wat ons in die vind van oplossings vir hierdie kwessie in die gesig staar , het min met beleid te make .",Die uitdaging wat ons in die vind van oplossings vir hierdie kwessie,Die uitdaging wat ons in die gesig,Die uitdaging wat ons in vind,Die uitdaging wat ons in gesig,in vind,in gesig,staar,in die vind van oplossings vir hierdie kwessie,in die gesig,8,3,in,in,vind,gesig,NOUN,NOUN,prepositional,prepositional,Preverbal,Afrikaans
"Die forensiese laboratoriums , wat met die heel nuutste tegnologie toegerus is , tot hulle volle kapasiteit uitbou ; en sorg dat die databasis met vingerafdrukke optimaal gebruik word - 'n groot deel van die onlangse sukses met die oplos van ernstige misdaadsake is inderdaad deur hierdie stelsels moontlik gemaak .","Die forensiese laboratoriums , wat met die heel nuutste tegnologie toegerus is , tot hulle volle kapasiteit uitbou ; en sorg dat die databasis met vingerafdrukke optimaal gebruik word - 'n groot deel van die onlangse sukses met die oplos van ernstige misdaadsake","Die forensiese laboratoriums , wat met die heel nuutste tegnologie toegerus is , tot hulle volle kapasiteit uitbou ; en sorg dat die databasis met vingerafdrukke optimaal gebruik word - 'n groot deel van die onlangse sukses deur hierdie stelsels","Die forensiese laboratoriums , wat met die heel nuutste tegnologie toegerus is , tot hulle volle kapasiteit uitbou ; en sorg dat die databasis met vingerafdrukke optimaal gebruik word - 'n groot deel van die onlangse sukses met oplos","Die forensiese laboratoriums , wat met die heel nuutste tegnologie toegerus is , tot hulle volle kapasiteit uitbou ; en sorg dat die databasis met vingerafdrukke optimaal gebruik word - 'n groot deel van die onlangse sukses deur stelsels",met oplos,deur stelsel,maak,met die oplos van ernstige misdaadsake,deur hierdie stelsels,6,3,met,deur,oplos,stelsel,NOUN,NOUN,prepositional,prepositional,Preverbal,Afrikaans
"Die proses gerig op die modernisering van die Suid-Afrikaanse Inkomstediens se stelsels , veral met betrekking tot grensbeheer , van stapel stuur ; en die interdepartementele koördineringstrukture se werk in hierdie verband verbeter .","Die proses gerig op die modernisering van die Suid-Afrikaanse Inkomstediens se stelsels ,","Die proses gerig met betrekking tot grensbeheer ,",Die proses gerig op modernisering,Die proses gerig met betrekking,op modernisering,met betrekking,rig,"op die modernisering van die Suid-Afrikaanse Inkomstediens se stelsels ,","met betrekking tot grensbeheer ,",10,5,op,met,modernisering,betrekking,NOUN,NOUN,prepositional,prepositional,Postverbal,Afrikaans
"Die nuwe tegnologie wat aan die regstelsel verskaf is , optimaal gebruik , en die bestuur van die howe en vervolgingsgesag oor die algemeen só verbeter dat dit 'n massiewe vermindering in die agterstand met die verhoor van sake teweeg sal bring .","Die nuwe tegnologie wat aan die regstelsel verskaf is , optimaal gebruik , en die bestuur van die howe en vervolgingsgesag oor die algemeen só verbeter dat dit 'n massiewe vermindering in die agterstand","Die nuwe tegnologie wat aan die regstelsel verskaf is , optimaal gebruik , en die bestuur van die howe en vervolgingsgesag oor die algemeen só verbeter dat dit 'n massiewe vermindering met die verhoor van sake","Die nuwe tegnologie wat aan die regstelsel verskaf is , optimaal gebruik , en die bestuur van die howe en vervolgingsgesag oor die algemeen só verbeter dat dit 'n massiewe vermindering in agterstand","Die nuwe tegnologie wat aan die regstelsel verskaf is , optimaal gebruik , en die bestuur van die howe en vervolgingsgesag oor die algemeen só verbeter dat dit 'n massiewe vermindering met verhoor",in agterstand,met verhoor,bring,in die agterstand,met die verhoor van sake,3,5,in,met,agterstand,verhoor,NOUN,NOUN,prepositional,prepositional,Preverbal,Afrikaans
Met hierdie doel voor oë sal twee groot opnames in 2007 gemaak word .,Met hierdie doel voor oë,in 2007,Met doel,in 2007,met doel,in 2007,maak,Met hierdie doel voor oë,in 2007,5,2,met,in,doel,2007,NOUN,SYM,prepositional,prepositional,Preverbal,Afrikaans
"Vandag moet ons , met selfs groter selfvertroue , oor vryheid praat .","Vandag moet ons , met selfs groter selfvertroue ,","Vandag moet ons , oor vryheid","Vandag moet ons , met selfvertroue","Vandag moet ons , oor vryheid",met selfvertroue,oor vryheid,praat,"met selfs groter selfvertroue ,",oor vryheid,5,2,met,oor,selfvertroue,vryheid,NOUN,NOUN,prepositional,prepositional,Preverbal,Afrikaans
"Ek sê dit want , na ons oordeel , is dit selde dat daar 'n beroep gemaak word op 'n nasie word om alles moontlik te doen om 'n droom te verwesenlik .","Ek sê dit want , na ons oordeel , is dit selde dat daar 'n beroep gemaak word op 'n nasie","Ek sê dit want , na ons oordeel , is dit selde dat daar 'n beroep gemaak word om alles moontlik te doen om 'n droom te verwesenlik .","Ek sê dit want , na ons oordeel , is dit selde dat daar 'n beroep gemaak word op nasie","Ek sê dit want , na ons oordeel , is dit selde dat daar 'n beroep gemaak word om doen",op nasie,om doen,maak,op 'n nasie,om alles moontlik te doen om 'n droom te verwesenlik .,3,11,op,om,nasie,doen,NOUN,VERB,prepositional,prepositional,Postverbal,Afrikaans
"Hulle verteenwoordig inderdaad 'n feesviering van die onblusbare gees van ons mense , en stel 'n uitdaging aan ons almal om só op te tree dat ons nie die verwagtinge van die mense verraai of teleurstel nie .","Hulle verteenwoordig inderdaad 'n feesviering van die onblusbare gees van ons mense , en stel 'n uitdaging aan ons almal","Hulle verteenwoordig inderdaad 'n feesviering van die onblusbare gees van ons mense , en stel 'n uitdaging om só op te tree dat ons nie die verwagtinge van die mense verraai of teleurstel nie .","Hulle verteenwoordig inderdaad 'n feesviering van die onblusbare gees van ons mense , en stel 'n uitdaging aan ons","Hulle verteenwoordig inderdaad 'n feesviering van die onblusbare gees van ons mense , en stel 'n uitdaging om tree",aan ons,om tree,stel,aan ons almal,om só op te tree dat ons nie die verwagtinge van die mense verraai of teleurstel nie .,3,18,aan,om,ons,tree,PRON,VERB,prepositional,prepositional,Postverbal,Afrikaans
"Ek is verheug om te sê dat ons inderdaad baie uitgerig het om die verbintenisse wat ons aan die mense in 2004 gemaak het , te implementeer .",Ek is verheug om te sê dat ons inderdaad baie uitgerig het om die verbintenisse wat ons aan die mense,Ek is verheug om te sê dat ons inderdaad baie uitgerig het om die verbintenisse wat ons in 2004,Ek is verheug om te sê dat ons inderdaad baie uitgerig het om die verbintenisse wat ons aan mense,Ek is verheug om te sê dat ons inderdaad baie uitgerig het om die verbintenisse wat ons in 2004,aan mens,in 2004,maak,aan die mense,in 2004,3,2,aan,in,mens,2004,NOUN,SYM,prepositional,prepositional,Preverbal,Afrikaans
"Gelukkig het hierdie Staatsrede my die geleentheid gebied om verslag te doen aan die Regering en die mense ten opsigte van 24 top-prioriteite , wat vir eerbare lede beskikbaar sal wees op die Regering se webtuiste gedurende die verloop van volgende week .",Gelukkig het hierdie Staatsrede my die geleentheid gebied om verslag te doen aan die Regering en die mense,"Gelukkig het hierdie Staatsrede my die geleentheid gebied om verslag te doen ten opsigte van 24 top-prioriteite , wat vir eerbare lede beskikbaar sal wees op die Regering se webtuiste gedurende die verloop van volgende week .",Gelukkig het hierdie Staatsrede my die geleentheid gebied om verslag te doen aan Regering,Gelukkig het hierdie Staatsrede my die geleentheid gebied om verslag te doen ten opsigte,aan regering,ten opsigte,doen,aan die Regering en die mense,"ten opsigte van 24 top-prioriteite , wat vir eerbare lede beskikbaar sal wees op die Regering se webtuiste gedurende die verloop van volgende week .",6,25,aan,ten,regering,opsigte,NOUN,NOUN,prepositional,prepositional,Postverbal,Afrikaans
"Wanneer ons praat van "" Besigheid Buitengewoon "" verwys ons nie na enige veranderings in ons bestaande beleide nie , maar wel na die spoedige , doeltreffende en doelmatige implementering van hierdie beleide en programme , sodat die lewensgehalte van ons mense ten goede kan verander , eerder vroeër as later .","Wanneer ons praat van "" Besigheid Buitengewoon "" verwys ons nie na enige veranderings in ons bestaande beleide","Wanneer ons praat van "" Besigheid Buitengewoon "" verwys ons nie na die spoedige , doeltreffende en doelmatige implementering van hierdie beleide en programme , sodat die lewensgehalte van ons mense ten goede kan verander , eerder vroeër as later .","Wanneer ons praat van "" Besigheid Buitengewoon "" verwys ons nie na veranderings","Wanneer ons praat van "" Besigheid Buitengewoon "" verwys ons nie na implementering",na verandering,na implementering,verwys,na enige veranderings in ons bestaande beleide,"na die spoedige , doeltreffende en doelmatige implementering van hierdie beleide en programme , sodat die lewensgehalte van ons mense ten goede kan verander , eerder vroeër as later .",7,30,na,na,verandering,implementering,NOUN,NOUN,prepositional,prepositional,Postverbal,Afrikaans
Dit is egter ook nodig dat ons van hierdie geleentheid gebruik maak om namens die Regering en Eskom die land om verskoning te vra vir die nasionale noodtoestand wat tot gevolg gehad het dat ons almal die gevolge van beurtkrag moes ervaar .,Dit is egter ook nodig dat ons van hierdie geleentheid gebruik maak om namens die Regering en Eskom,Dit is egter ook nodig dat ons van hierdie geleentheid gebruik maak om om verskoning,Dit is egter ook nodig dat ons van hierdie geleentheid gebruik maak om namens Regering,Dit is egter ook nodig dat ons van hierdie geleentheid gebruik maak om om verskoning,namens regering,om verskoning,vra,namens die Regering en Eskom,om verskoning,5,2,namens,om,regering,verskoning,NOUN,NOUN,prepositional,prepositional,Preverbal,Afrikaans
"Ek sal 'n vergadering belê met die Gesamentlike Presidensiële Werkgroepe om ons oorkoepelende aksies te koördineer , en ons sal ook binnekort 'n span van "" Energiekampioene "" ' aankondig wat sal bestaan uit vooraanstaande en kundige Suid-Afrikaners wat die Regering gaan bystaan met die energiedoeltreffendheidsveldtog en wat beleggers en gemeenskappe op hoogte sal hou van die werklike situasie en hoe hulle kan bydra om ons huidige uitdagings aan te spreek .",Ek sal 'n vergadering belê met die Gesamentlike Presidensiële Werkgroepe,"Ek sal 'n vergadering belê om ons oorkoepelende aksies te koördineer ,",Ek sal 'n vergadering belê met Werkgroepe,Ek sal 'n vergadering belê om koördineer,met werkgroep,om koördineer,belê,met die Gesamentlike Presidensiële Werkgroepe,"om ons oorkoepelende aksies te koördineer ,",5,7,met,om,werkgroep,koördineer,NOUN,VERB,prepositional,prepositional,Postverbal,Afrikaans
Ek twyfel natuurlik glad nie dat ons ons beloftes sal gestand doen aan FIFA en die wêreldgemeenskap van sokkerspelers en -liefhebbers nie om al die nodige omstandighede te skep om die beste FIFA Wêreldbeker-sokkertoernooi ooit aan te bied .,Ek twyfel natuurlik glad nie dat ons ons beloftes sal gestand doen aan FIFA en die wêreldgemeenskap van sokkerspelers en -liefhebbers,Ek twyfel natuurlik glad nie dat ons ons beloftes sal gestand doen om al die nodige omstandighede te skep om die beste FIFA Wêreldbeker-sokkertoernooi ooit aan te bied .,Ek twyfel natuurlik glad nie dat ons ons beloftes sal gestand doen aan FIFA,Ek twyfel natuurlik glad nie dat ons ons beloftes sal gestand doen om skep,aan FIFA,om skep,doen,aan FIFA en die wêreldgemeenskap van sokkerspelers en -liefhebbers,om al die nodige omstandighede te skep om die beste FIFA Wêreldbeker-sokkertoernooi ooit aan te bied .,9,17,aan,om,FIFA,skep,X,VERB,prepositional,prepositional,Postverbal,Afrikaans
"In die lig van die traagheid waarmee die Regering aansoeke verwerk ten opsigte van beleggings met betrekking tot aangeleenthede soos grondverkryging , infrastruktuur en omgewingsimpakevaluerings - waarvan almal somtyds beleggers se besluite positief of negatief kan beïnvloed - het ons besluit , in die gees van "" Besigheid Buitengewoon "" , om so gou moontlik 'n inbelsentrum op te rig sodat beleggers en die Regering hierdie prosesse kan moniteer .","In die lig van die traagheid waarmee die Regering aansoeke verwerk ten opsigte van beleggings met betrekking tot aangeleenthede soos grondverkryging , infrastruktuur en omgewingsimpakevaluerings - waarvan almal somtyds beleggers se besluite positief of negatief kan beïnvloed - het ons besluit , in die gees van "" Besigheid Buitengewoon "" ,","In die lig van die traagheid waarmee die Regering aansoeke verwerk ten opsigte van beleggings met betrekking tot aangeleenthede soos grondverkryging , infrastruktuur en omgewingsimpakevaluerings - waarvan almal somtyds beleggers se besluite positief of negatief kan beïnvloed - het ons besluit , om so gou moontlik 'n inbelsentrum op te rig sodat beleggers en die Regering hierdie prosesse kan moniteer .","In die lig van die traagheid waarmee die Regering aansoeke verwerk ten opsigte van beleggings met betrekking tot aangeleenthede soos grondverkryging , infrastruktuur en omgewingsimpakevaluerings - waarvan almal somtyds beleggers se besluite positief of negatief kan beïnvloed - het ons besluit , in gees","In die lig van die traagheid waarmee die Regering aansoeke verwerk ten opsigte van beleggings met betrekking tot aangeleenthede soos grondverkryging , infrastruktuur en omgewingsimpakevaluerings - waarvan almal somtyds beleggers se besluite positief of negatief kan beïnvloed - het ons besluit , om rig",in gees,om rig,besluit,"in die gees van "" Besigheid Buitengewoon "" ,",om so gou moontlik 'n inbelsentrum op te rig sodat beleggers en die Regering hierdie prosesse kan moniteer .,9,19,in,om,gees,rig,NOUN,VERB,prepositional,prepositional,Postverbal,Afrikaans
"Ten opsigte van die program om volhoubare menslike huisvesting te verskaf , is ons nou in staat om 260 000 behuisingseenhede per jaar te voorsien , en 'n ooreenkoms is bereik met Salga om 'n moratorium te plaas op die verkoop van grond wat aangewend kan word vir die behuisingsprogram .","Ten opsigte van die program om volhoubare menslike huisvesting te verskaf , is ons nou in staat om 260 000 behuisingseenhede per jaar te voorsien , en 'n ooreenkoms is bereik met Salga","Ten opsigte van die program om volhoubare menslike huisvesting te verskaf , is ons nou in staat om 260 000 behuisingseenhede per jaar te voorsien , en 'n ooreenkoms is bereik om 'n moratorium te plaas op die verkoop van grond wat aangewend kan word vir die behuisingsprogram .","Ten opsigte van die program om volhoubare menslike huisvesting te verskaf , is ons nou in staat om 260 000 behuisingseenhede per jaar te voorsien , en 'n ooreenkoms is bereik met Salga","Ten opsigte van die program om volhoubare menslike huisvesting te verskaf , is ons nou in staat om 260 000 behuisingseenhede per jaar te voorsien , en 'n ooreenkoms is bereik om plaas",met Salga,om plaas,bereik,met Salga,om 'n moratorium te plaas op die verkoop van grond wat aangewend kan word vir die behuisingsprogram .,2,18,met,om,Salga,plaas,X,VERB,prepositional,prepositional,Postverbal,Afrikaans
"Die Begroting sal voorsiening maak vir 'n verhoging in die maatskapliketoelae-stelsel deur die ouderdom vir ouderdomspensioen gelyk te stel aan 60 , en wat gevolglik ongeveer 'n halfmiljoen mans sal bevoordeel .",Die Begroting sal voorsiening maak vir 'n verhoging in die maatskapliketoelae-stelsel,"Die Begroting sal voorsiening maak deur die ouderdom vir ouderdomspensioen gelyk te stel aan 60 ,",Die Begroting sal voorsiening maak vir verhoging,Die Begroting sal voorsiening maak deur stel,vir verhoging,deur stel,maak,vir 'n verhoging in die maatskapliketoelae-stelsel,"deur die ouderdom vir ouderdomspensioen gelyk te stel aan 60 ,",6,11,vir,deur,verhoging,stel,NOUN,VERB,prepositional,prepositional,Postverbal,Afrikaans
"Ons beoog ook om gedurende hierdie jaar die hoeveelheid mense wat versuim om TB-behandeling te voltooi , te verminder van 10% na 7% , en om meer as 3 000 gesondheidspersoneel op te lei in die bestuur van die siekte , en om seker te maak dat alle pasiënte wat bestand is teen TB-medikasie , behandeling ontvang .","Ons beoog ook om gedurende hierdie jaar die hoeveelheid mense wat versuim om TB-behandeling te voltooi , te verminder van 10%","Ons beoog ook om gedurende hierdie jaar die hoeveelheid mense wat versuim om TB-behandeling te voltooi , te verminder na 7% ,","Ons beoog ook om gedurende hierdie jaar die hoeveelheid mense wat versuim om TB-behandeling te voltooi , te verminder van 10%","Ons beoog ook om gedurende hierdie jaar die hoeveelheid mense wat versuim om TB-behandeling te voltooi , te verminder na 7%",van 10%,na 7%,verminder,van 10%,"na 7% ,",2,3,van,na,10%,7%,SYM,SYM,prepositional,prepositional,Postverbal,Afrikaans
"Dit sal onder andere behels dat 'n nuwe koördinerende en bestuurstruktuur op alle vlakke van die stelsel opgestel word , van nasionale vlak tot plaaslik , en wat die Regbank en magistrate verenig , asook die polisie , aanklaers , korrektiewe dienste en die Regshulpraad , sowel as ander intervensies , insluitend die bemagtiging van die gemeenskapspolisiëringsforums .","Dit sal onder andere behels dat 'n nuwe koördinerende en bestuurstruktuur op alle vlakke van die stelsel opgestel word , van nasionale vlak","Dit sal onder andere behels dat 'n nuwe koördinerende en bestuurstruktuur op alle vlakke van die stelsel opgestel word , tot plaaslik ,","Dit sal onder andere behels dat 'n nuwe koördinerende en bestuurstruktuur op alle vlakke van die stelsel opgestel word , van vlak","Dit sal onder andere behels dat 'n nuwe koördinerende en bestuurstruktuur op alle vlakke van die stelsel opgestel word , tot plaaslik",van vlak,tot plaaslik,opstel,van nasionale vlak,"tot plaaslik ,",3,3,van,tot,vlak,plaaslik,NOUN,ADJ,prepositional,prepositional,Postverbal,Afrikaans
"Gelei deur die behoefte om die aanslag teen georganiseerde misdaad te verskerp , asook die aanbevelings van die Khampepe Regskommissie ten opsigte van die werking en ligging van die Direktoraat vir Spesiale Operasies en deur verder oor hierdie aangeleentheid te besin , insluitend die hervorming van die strafregstelsel , sal ons teen die einde van Maart vanjaar met die Parlement samesprekings voer aangaande wetgewing en ander besluitnemingsmaatreëls om ons vermoë om misdaad te beveg , verder te verbeter .","Gelei deur die behoefte om die aanslag teen georganiseerde misdaad te verskerp , asook die aanbevelings van die Khampepe Regskommissie ten opsigte van die werking en ligging van die Direktoraat vir Spesiale Operasies en deur verder oor hierdie aangeleentheid te besin , insluitend die hervorming van die strafregstelsel , sal ons teen die einde van Maart","Gelei deur die behoefte om die aanslag teen georganiseerde misdaad te verskerp , asook die aanbevelings van die Khampepe Regskommissie ten opsigte van die werking en ligging van die Direktoraat vir Spesiale Operasies en deur verder oor hierdie aangeleentheid te besin , insluitend die hervorming van die strafregstelsel , sal ons met die Parlement","Gelei deur die behoefte om die aanslag teen georganiseerde misdaad te verskerp , asook die aanbevelings van die Khampepe Regskommissie ten opsigte van die werking en ligging van die Direktoraat vir Spesiale Operasies en deur verder oor hierdie aangeleentheid te besin , insluitend die hervorming van die strafregstelsel , sal ons teen einde","Gelei deur die behoefte om die aanslag teen georganiseerde misdaad te verskerp , asook die aanbevelings van die Khampepe Regskommissie ten opsigte van die werking en ligging van die Direktoraat vir Spesiale Operasies en deur verder oor hierdie aangeleentheid te besin , insluitend die hervorming van die strafregstelsel , sal ons met Parlement",teen einde,met parlement,voer,teen die einde van Maart,met die Parlement,5,3,teen,met,einde,parlement,NOUN,NOUN,prepositional,prepositional,Preverbal,Afrikaans
Tweedens behoort alle senior bestuurders hul prestasieooreenkomste teen Mei van elke jaar ( en binne twee maande na die aanvang van die finansiële jaar op plaaslike regeringsvlak ) by die betrokke owerhede ingedien het .,Tweedens behoort alle senior bestuurders hul prestasieooreenkomste teen Mei van elke jaar ( en binne twee maande na die aanvang van die finansiële jaar op plaaslike regeringsvlak ),Tweedens behoort alle senior bestuurders hul prestasieooreenkomste by die betrokke owerhede,Tweedens behoort alle senior bestuurders hul prestasieooreenkomste teen Mei,Tweedens behoort alle senior bestuurders hul prestasieooreenkomste by owerhede,teen Mei,by owerheid,indien,teen Mei van elke jaar ( en binne twee maande na die aanvang van die finansiële jaar op plaaslike regeringsvlak ),by die betrokke owerhede,21,4,teen,by,Mei,owerheid,PROPN,NOUN,prepositional,prepositional,Preverbal,Afrikaans
"In hierdie opsig sal ons vanjaar in samewerking met die staatsdiensunies 'n Staatsdiens Spitsberaad hou om hierdie aangeleenthede aan te spreek sodat die gees van "" Batho Pele "" gestalte kan aanneem wanneer ook al 'n regeringsdiens gelewer word .",In hierdie opsig,in samewerking met die staatsdiensunies,In opsig,in samewerking,in opsig,in samewerking,hou,In hierdie opsig,in samewerking met die staatsdiensunies,3,5,in,in,opsig,samewerking,NOUN,NOUN,prepositional,prepositional,Preverbal,Afrikaans
"Teen die einde van hierdie jaar sal ons , in samewerking met ander maatskaplike vennote , seker maak dat die tweede Nasionale Anti-Korrupsieprogram aanvaar word , en dat die plan van aksie waarop daar ooreengekom is met besighede , geïmplementeer word .",Teen die einde van hierdie jaar,"in samewerking met ander maatskaplike vennote ,",Teen einde,in samewerking,teen einde,in samewerking,maak,Teen die einde van hierdie jaar,"in samewerking met ander maatskaplike vennote ,",6,7,teen,in,einde,samewerking,NOUN,NOUN,prepositional,prepositional,Preverbal,Afrikaans
Die program wat ons uiteengesit het sluit in die verbintenisse wat ons land gesluit het met die leiers van die kontinent deur middel van die Afrika Portuur-oorsigmeganisme .,Die program wat ons uiteengesit het sluit in die verbintenisse wat ons land gesluit het met die leiers van die kontinent,Die program wat ons uiteengesit het sluit in die verbintenisse wat ons land gesluit het deur middel van die Afrika Portuur-oorsigmeganisme,Die program wat ons uiteengesit het sluit in die verbintenisse wat ons land gesluit het met leiers,Die program wat ons uiteengesit het sluit in die verbintenisse wat ons land gesluit het deur middel,met leier,deur middel,sluit,met die leiers van die kontinent,deur middel van die Afrika Portuur-oorsigmeganisme,6,6,met,deur,leier,middel,NOUN,NOUN,prepositional,prepositional,Postverbal,Afrikaans
"Dit is ook in hierdie konteks dat ons sal voortgaan met ons bilaterale en multilaterale interaksies met ons buurlande en die Europese Unie , binne die konteks van die proses wat gelei word deur die Afrika-Unie , om te verseker dat samesprekings oor die ekonomiese vennootskapsooreenkomste so gou moontlik afgehandel word , gebaseer op die bespoediging van die ontwikkeling van ons streek .","Dit is ook in hierdie konteks dat ons sal voortgaan met ons bilaterale en multilaterale interaksies met ons buurlande en die Europese Unie , binne die konteks van die proses wat gelei word deur die Afrika-Unie ,","Dit is ook in hierdie konteks dat ons sal voortgaan om te verseker dat samesprekings oor die ekonomiese vennootskapsooreenkomste so gou moontlik afgehandel word , gebaseer op die bespoediging van die ontwikkeling van ons streek .",Dit is ook in hierdie konteks dat ons sal voortgaan met interaksies,Dit is ook in hierdie konteks dat ons sal voortgaan om verseker,met interaksie,om verseker,voortgaan,"met ons bilaterale en multilaterale interaksies met ons buurlande en die Europese Unie , binne die konteks van die proses wat gelei word deur die Afrika-Unie ,","om te verseker dat samesprekings oor die ekonomiese vennootskapsooreenkomste so gou moontlik afgehandel word , gebaseer op die bespoediging van die ontwikkeling van ons streek .",27,26,met,om,interaksie,verseker,NOUN,VERB,prepositional,prepositional,Postverbal,Afrikaans
Ons is die geleentheid gebied tydens die AU-beraad in Addis Ababa om 'n omvattende verslag aan die leierskap van SADC oor hierdie aangeleentheid voor te lê .,Ons is die geleentheid gebied tydens die AU-beraad in Addis Ababa,Ons is die geleentheid gebied om 'n omvattende verslag aan die leierskap van SADC oor hierdie aangeleentheid voor te lê .,Ons is die geleentheid gebied tydens AU-beraad,Ons is die geleentheid gebied om lê,tydens AU-beraad,om lê,bied,tydens die AU-beraad in Addis Ababa,om 'n omvattende verslag aan die leierskap van SADC oor hierdie aangeleentheid voor te lê .,6,16,tydens,om,AU-beraad,lê,NOUN,VERB,prepositional,prepositional,Postverbal,Afrikaans
Ons is die geleentheid gebied tydens die AU-beraad in Addis Ababa om 'n omvattende verslag aan die leierskap van SADC oor hierdie aangeleentheid voor te lê .,Ons is die geleentheid gebied tydens die AU-beraad in Addis Ababa om 'n omvattende verslag aan die leierskap van SADC,Ons is die geleentheid gebied tydens die AU-beraad in Addis Ababa om 'n omvattende verslag oor hierdie aangeleentheid,Ons is die geleentheid gebied tydens die AU-beraad in Addis Ababa om 'n omvattende verslag aan leierskap,Ons is die geleentheid gebied tydens die AU-beraad in Addis Ababa om 'n omvattende verslag oor aangeleentheid,aan leierskap,oor aangeleentheid,lê,aan die leierskap van SADC,oor hierdie aangeleentheid,5,3,aan,oor,leierskap,aangeleentheid,NOUN,NOUN,prepositional,prepositional,Preverbal,Afrikaans
"Ek vertrou dat , onder die leierskap van die Internasionale Bemarkingsraad ( IMC ) , Handel en Belegging Suid-Afrika ( TISA ) , Toerisme Suid-Afrika en ander agentskappe , ons almal sal saamwerk om aan die res van die wêreld die gees van "" Besigheid Buitengewoon "" uit te dra , en dat ons sal voortgaan om te streef na die daarstelling van 'n gemeenskap wat omgee en omstandighede skep vir 'n wêreld wat in ons land byeen gaan kom in 2010 om Afrika se menslikheid te vier .","Ek vertrou dat , onder die leierskap van die Internasionale Bemarkingsraad ( IMC ) , Handel en Belegging Suid-Afrika ( TISA ) , Toerisme Suid-Afrika en ander agentskappe , ons almal sal saamwerk om aan die res van die wêreld die gees van "" Besigheid Buitengewoon "" uit te dra , en dat ons sal voortgaan om te streef na die daarstelling van 'n gemeenskap wat omgee en omstandighede skep vir 'n wêreld wat in ons land byeen gaan kom in 2010","Ek vertrou dat , onder die leierskap van die Internasionale Bemarkingsraad ( IMC ) , Handel en Belegging Suid-Afrika ( TISA ) , Toerisme Suid-Afrika en ander agentskappe , ons almal sal saamwerk om aan die res van die wêreld die gees van "" Besigheid Buitengewoon "" uit te dra , en dat ons sal voortgaan om te streef na die daarstelling van 'n gemeenskap wat omgee en omstandighede skep vir 'n wêreld wat in ons land byeen gaan kom om Afrika se menslikheid te vier .","Ek vertrou dat , onder die leierskap van die Internasionale Bemarkingsraad ( IMC ) , Handel en Belegging Suid-Afrika ( TISA ) , Toerisme Suid-Afrika en ander agentskappe , ons almal sal saamwerk om aan die res van die wêreld die gees van "" Besigheid Buitengewoon "" uit te dra , en dat ons sal voortgaan om te streef na die daarstelling van 'n gemeenskap wat omgee en omstandighede skep vir 'n wêreld wat in ons land byeen gaan kom in 2010","Ek vertrou dat , onder die leierskap van die Internasionale Bemarkingsraad ( IMC ) , Handel en Belegging Suid-Afrika ( TISA ) , Toerisme Suid-Afrika en ander agentskappe , ons almal sal saamwerk om aan die res van die wêreld die gees van "" Besigheid Buitengewoon "" uit te dra , en dat ons sal voortgaan om te streef na die daarstelling van 'n gemeenskap wat omgee en omstandighede skep vir 'n wêreld wat in ons land byeen gaan kom om vier",in 2010,om vier,kom,in 2010,om Afrika se menslikheid te vier .,2,7,in,om,2010,vier,SYM,VERB,prepositional,prepositional,Postverbal,Afrikaans
"Bowenal staan ek voor u met trots en met die vertroue dat die Suid-Afrika wat ons vandag kan vier - ver verwyder van die verdeeldheid , konflik en uitsluiting van slegs 15 jaar gelede - die produk is van die harde werk en geswoeg van Suid-Afrikaanse vroue en mans uit alle vlakke van die samelewing .",Bowenal staan ek voor u,"Bowenal staan ek met trots en met die vertroue dat die Suid-Afrika wat ons vandag kan vier - ver verwyder van die verdeeldheid , konflik en uitsluiting van slegs 15 jaar gelede - die produk is van die harde werk en geswoeg van Suid-Afrikaanse vroue en mans uit alle vlakke van die samelewing .",Bowenal staan ek voor u,Bowenal staan ek met trots,voor u,met trots,staan,voor u,"met trots en met die vertroue dat die Suid-Afrika wat ons vandag kan vier - ver verwyder van die verdeeldheid , konflik en uitsluiting van slegs 15 jaar gelede - die produk is van die harde werk en geswoeg van Suid-Afrikaanse vroue en mans uit alle vlakke van die samelewing .",2,51,voor,met,u,trots,PRON,NOUN,prepositional,prepositional,Postverbal,Afrikaans
